제목,장르,총 평점
SPF-18,로맨스,1.5
걸즈 트립,코미디,3.2
무민 더 무비,가족,3.4
사샤의 북극 대모험,애니메이션,3.8
키싱 부스 2,로맨스,2.8
외출,드라마,2.6
미안해하지 않았으면 좋겠어,단편,3.3
앨버트놉스,드라마,3.4
미국 수정헌법 제13조 ,다큐멘터리,4.0
SPF-18,로맨스,1.5
걸즈 트립,코미디,3.2
무민 더 무비,가족,3.4
사샤의 북극 대모험,애니메이션,3.8
키싱 부스 2,로맨스,2.8
외출,드라마,2.6
미안해하지 않았으면 좋겠어,단편,3.3
앨버트놉스,드라마,3.4
미국 수정헌법 제13조 ,다큐멘터리,4.0
시스터즈,단편,3.4
너의 시선이 머무는 곳에,드라마,2.7
타샤 튜더,다큐멘터리,3.7
365일,드라마,1.3
괴짜들의 로맨스,로맨스,3.8
웨이브,SF,3.5
세 번째 인물,단편,3.3
"윌리엄 프리드킨, 엑소시스트를 말하다",다큐멘터리,3.5
피조물,단편,2.3
아이스크림,단편,3.3
카구야님은 고백 받고 싶어 ~천재들의 연애 두뇌전~,코미디,3.0
한심해서 죄송합니다.,애니메이션,3.3
데스페라도스,코미디,2.3
사랑은 꿈과 현실의 외길목에서,애니메이션,3.5
온워드: 단 하루의 기적,애니메이션,3.6
클라우스,애니메이션,4.0
겨털소녀 김붕어,애니메이션,3.5
나이브스 아웃,코미디,3.9
콜 오브 와일드,모험,3.2
디지몬 어드벤처 2기: 우리들의 워 게임!,애니메이션,4.0
디지몬 어드벤처 1기: 운명적 만남,애니메이션,4.1
하이 스트렁,드라마,3.1
YMCA 야구단,코미디,2.9
고양이와 할아버지,드라마,3.1
그대 안의 블루,드라마,2.8
See Me,코미디,3.8
베를린 천사의 시,드라마,3.8
이지 라이더,모험,3.6
페르시아의 왕자: 시간의 모래,액션,3.2
타이탄의 분노,액션,2.9
타이탄,액션,3.0
항거:유관순 이야기,드라마,3.9
더블: 달콤한 악몽,드라마,3.5
사바하,미스터리,3.2
돌로레스 클레이븐,스릴러,3.5
컴플라이언스,범죄,3.1
가스등,범죄,3.8
식코,다큐멘터리,3.7
못말리는 이혼녀,로맨스,2.7
꿈의 제인,드라마,3.7
해치지않아,코미디,2.6
인비저블맨,공포,3.2
더티 댄싱 - 하바나 나이트,드라마,3.4
하트,로맨스,3.0
작은 아씨들,드라마,4.0
타오르는 여인의 초상,드라마,4.2
위시업,코미디,3.3
우리 지금 만나,드라마,3.1
사탄의 인형,공포,2.6
더 폴: 오디어스와 환상의 문,모험,4.0
마인드 헌터,범죄,3.4
린 코플리츠: 호르몬 괴물,코미디,3.3
아담스 패밀리,애니메이션,2.8
떼시스,스릴러,3.5
박치기!,액션,3.3
헤어 러브,가족,3.2
닥터 두리틀,모험,2.8
부에노스 아이레스에서 사랑에 빠질 확률,코미디,3.6
더 문,SF,3.7
드래그 미 투 헬,공포,2.8
미녀 삼총사 3,액션,3.1
1917,드라마,4.2
가장 보통의 연애,로맨스,3.1
쥬만지: 넥스트 레벨,액션,2.8
접속,로맨스,3.5
내가 사랑했던 모든 남자들에게: P.S. 여전히 널 사랑해,로맨스,2.7
조인성을 좋아하세요,드라마,3.4
포드 V 페라리,액션,4.0
당신이 그녀라면,코미디,3.2
두 교황,드라마,3.9
아이리시맨을 말하다,다큐멘터리,3.5
아이리시맨,범죄,3.9
캣츠,코미디,2.2
아담스 패밀리,코미디,3.5
스워드피쉬,범죄,3.4
루스 베이더 긴즈버그: 나는 반대한다,다큐멘터리,4.2
리얼 스틸,액션,3.7
드라이빙 미스 데이지,코미디,3.6
톱 햇,로맨틱코미디,3.0
바바렐라,판타지,3.1
걸스온탑,가족,3.5
행복한 사전,코미디,3.6
스코어: 영화음악의 모든 것,다큐멘터리,3.8
멤피스 벨,다큐멘터리,3.4
제럴드의 게임,공포,3.1
Les fiancés du pont Mac Donald ou ,로맨스,3.3
5시부터 7시까지의 클레오,음악,3.9
필로우 토크,로맨스,3.5
제미니 맨,액션,2.6
말레피센트 2,판타지,3.1
월요일이 사라졌다,액션,3.6
작은 아씨들,로맨스,3.6
그녀들을 도와줘,코미디,3.4
좀비랜드: 더블 탭,액션,3.3
롱 샷,코미디,3.4
프린스 코기,애니메이션,2.4
블레이드 III,액션,3.3
허슬러,범죄,3.0
6 언더그라운드,스릴러,2.9
개들의 섬,코미디,3.5
라스트 크리스마스,로맨스,2.8
미스 사이공: 25주년 특별 공연,공연실황,3.4
옆자리 괴물군,코미디,3.5
처음 만나는 자유,드라마,3.6
여배우들의 티타임,다큐멘터리,3.2
경계선,범죄,3.7
안토니아스 라인,가족,4.0
콜드 워,드라마,3.9
결혼 이야기,코미디,4.0
무지개빛 데이즈,코미디,3.4
백두산,액션,2.7
조커,스릴러,3.9
코미디의 왕,드라마,4.0
크롤,액션,2.8
안나,액션,3.2
그 아이의 포로,코미디,2.7
우리집,드라마,3.8
엘♥디케이 러브 하우스,드라마,3.2
로니 쳉: 아시아 코미디언이 미국을 망치는 이유,코미디,3.5
분노의 역류 2,액션,2.0
나니아 연대기 - 캐스피언 왕자,액션,3.5
비치온더비치,드라마,3.2
처음,코미디,3.1
술 마시기 좋은 날,국,2.8
혀의 미래,드라마,3.2
내가 어때섷ㅎㅎ,로맨스,3.0
밤치기,로맨스,3.1
애프터,로맨스,2.6
캔 유 킵 어 시크릿?,코미디,2.7
신데렐라의 크리스마스,판타지,2.2
레이디 앤 더 트램프,애니메이션,2.9
겨울왕국 2,애니메이션,3.7
나오미와 엘리의 키스 금지 리스트,드라마,2.6
릴리 슈슈의 모든 것,드라마,3.7
미드소마,드라마,3.3
우먼 인 할리우드,다큐멘터리,4.1
크리스마스에 기사가 올까요?,코미디,2.3
손님,드라마,3.6
콩나물,드라마,4.0
타인의 삶,스릴러,4.0
페르세폴리스,애니메이션,3.9
인 더 컷,미스터리,2.8
에볼루션,액션,3.1
스윗 프랑세즈,드라마,3.8
프린세스 브라이드,판타지,3.1
채털리 부인의 연인,로맨스,3.0
댓 어쿼드 모먼트: 그 어색한 순간,로맨틱코미디,2.9
안녕 베일리,모험,3.8
터미네이터: 다크 페이트,액션,3.5
니키타,액션,3.5
82년생 김지영,드라마,3.8
엑시트,코미디,3.7
상처의 해석,공포,1.9
존 윅 3: 파라벨룸,액션,3.4
와인스타인,다큐멘터리,3.3
아사코,드라마,3.6
여고괴담 두번째 이야기,공포,2.9
여고괴담,공포,3.0
박나래의 농염주의보,코미디,2.8
글래스,드라마,3.3
언브레이커블,드라마,3.4
예스터데이,음악,2.9
그것: 두 번째 이야기,공포,2.9
장난스런 키스,코미디,3.6
피스 오브 케이크,로맨스,3.1
비바리움,SF,3.1
남의 떡,코미디,3.0
나의 하늘은 핑크빛,드라마,3.6
화녀,로맨스,3.6
소년과 바다,드라마,3.3
아만다의 선택,드라마,2.8
더 퍼스트 퍼지,액션,2.3
위험한 이웃,다큐멘터리,3.0
파리의 딜릴리,애니메이션,3.7
경찰,코미디,3.6
커런트 워,드라마,3.2
안전불감증,로맨스,3.9
대열차 강도,범죄,3.3
하이 사인,코미디,3.6
톨 걸,코미디,2.4
킹 아서: 제왕의 검,드라마,3.1
분노의 역류,액션,3.7
셜록 2세,코미디,4.1
크래쉬,범죄,3.6
카메라맨,로맨스,4.1
아더왕의 검,애니메이션,3.3
이웃,로맨스,3.7
일주일,코미디,3.8
화니 걸,로맨스,3.6
스파이더맨: 파 프롬 홈,액션,3.6
메릴 스트립의 실크우드,스릴러,3.5
시크릿 옵세션,드라마,1.9
철목련,드라마,3.4
벌새,드라마,3.9
호텔 뭄바이,드라마,3.7
어느 날 인생이 엉켰다,코미디,3.4
해피타임 스파이,액션,2.6
폴링 인 러브,로맨틱코미디,2.6
밤의 문이 열린다,드라마,3.1
프리 윌리,드라마,3.7
나는 악마를 사랑했다,범죄,3.1
에브리데이,로맨스,2.9
유랑지구,액션,2.7
마이펫의 이중생활2,애니메이션,3.1
캐서린 라이언: 논란 제조기,코미디,3.4
캐서린 라이언: 글리터 룸,코미디,3.8
써커 펀치,판타지,2.4
어스,공포,3.3
완다 사이크스: 정상이 아니야 ,코미디,3.4
휘트니 커밍스: 만져도 돼?,코미디,3.6
스타게이트,액션,3.5
썸원 그레이트,코미디,3.2
마멀레이드 보이,로맨스,3.0
"러브, 사이먼",로맨틱코미디,3.7
지랄발광 17세,코미디,3.4
"러브, 어게인",로맨스,3.2
맨 인 블랙: 인터내셔널,액션,2.6
라이온 킹,모험,3.3
어느 일란성 세 쌍둥이의 재회,다큐멘터리,3.6
알리타: 배틀 엔젤,액션,3.4
파이브 피트,로맨스,3.7
하얀 궁전,드라마,3.4
우정의 조건,드라마,3.1
우이 러브,코미디,2.2
토이 스토리 4,애니메이션,3.9
더 보이,공포,2.3
왓칭,공포,1.8
기생충,드라마,4.3
우리 사이 어쩌면,코미디,2.9
드래곤 길들이기 3,애니메이션,3.7
알라딘,모험,3.9
걸캅스,코미디,3.4
더 길티,범죄,3.5
명탐정 피카츄,판타지,3.0
허니,드라마,2.7
메이트,드라마,3.2
빌 스트리트가 말할 수 있다면,로맨스,3.4
"비둘기, 가지에 앉아 존재를 성찰하다",코미디,3.6
결혼의 조건,드라마,3.0
위대한 버스터 키튼,다큐멘터리,3.5
굿바이 썸머,로맨스,2.5
디아만티노,코미디,3.2
미드 90,코미디,3.6
안경,드라마,3.7
"달 밝은 밤에, 타티니",드라마,2.8
어벤져스: 엔드게임,액션,4.2
이스케이프 룸,액션,3.0
퍼펙트 데이트,코미디,2.5
삼생삼세 십리도화,로맨스,2.6
철벽선생,로맨스,3.3
LOL,로맨틱코미디,3.1
후드,액션,2.7
더 페이버릿: 여왕의 여자,드라마,3.9
라스트 송,드라마,3.5
그녀는 거짓말을 너무 사랑해,로맨스,3.4
메리 포핀스 리턴즈,코미디,3.2
가버나움,드라마,4.3
해피 데스데이 2 유,공포,2.9
LA 컨피덴셜,범죄,3.7
캡틴 마블,액션,3.5
어쩌다 결혼,코미디,2.5
세컨드 액트,로맨스,2.5
먹고 기도하고 사랑하라,드라마,3.4
어쩌다 로맨스,코미디,3.0
증인,드라마,3.6
화씨 11/9: 트럼프의 시대,다큐멘터리,3.7
어느 가족,범죄,4.1
돈 많은 친구들,로맨틱코미디,2.8
미래의 미라이,애니메이션,3.1
극한직업,코미디,3.9
블랙미러: 밴더스내치,드라마,3.5
오버 더 레인보우,드라마,3.0
완벽한 타인,코미디,3.7
플랜 B,로맨틱코미디,3.1
호두까기 인형과 4개의 왕국,판타지,2.7
아쿠아맨,액션,3.3
푸른하늘 옐,드라마,3.1
범블비,액션,3.2
가질 수 있다면,스릴러,1.9
주먹왕 랄프 2: 인터넷 속으로,애니메이션,3.6
베일리 어게인,모험,4.0
벽 속에 숨은 마법시계,코미디,2.7
나우 이즈 굿,드라마,3.6
오피스 크리스마스 파티,코미디,2.7
화성 침공,코미디,3.3
언더 워터,드라마,3.3
백엔의 사랑,드라마,3.6
메소드,드라마,2.7
불한당: 나쁜 놈들의 세상,범죄,3.6
부탁 하나만 들어줘,범죄,3.5
비 썸바디,드라마,2.5
국가부도의 날,드라마,3.5
로마,드라마,4.1
휘트니,음악,3.5
스파이더맨: 뉴 유니버스,애니메이션,4.0
서던 리치: 소멸의 땅,판타지,3.3
카메라를 멈추면 안 돼!,코미디,3.8
도어락,스릴러,2.9
베놈,액션,3.3
쟈니 잉글리쉬 3: 스트라이크 어게인,액션,2.6
블리치,액션,2.1
크리스마스 웨딩 플래너,로맨스,1.7
버드 박스,드라마,3.6
13층,미스터리,3.7
신비한 동물들과 그린델왈드의 범죄,가족,3.1
로열 크리스마스 - 세기의 결혼,로맨스,2.2
선배와 그녀,로맨스,2.6
메리 키스마스,로맨스,1.9
빌리 진 킹: 세기의 대결,코미디,3.6
크리스마스의 여왕,드라마,2.0
미스틱 리버,범죄,3.7
크리스마스 연대기,가족,3.2
크리스마스 인 스노우,드라마,2.5
매직 캘린더: 크리스마스를 부탁해,로맨스,2.7
더 스피릿 오브 크리스마스,스릴러,2.4
크리스마스 스위치,로맨틱코미디,2.8
보헤미안 랩소디,드라마,3.9
캠 걸스,스릴러,2.5
레이버 데이,드라마,3.8
곰돌이 푸 다시 만나 행복해,애니메이션,3.5
루시,액션,3.0
올드보이,액션,3.6
안시성,시대극,3.1
언록킹 셜록,다큐멘터리,4.1
페미니스트: 닫힌 문을 열고,다큐멘터리,3.9
"오늘 밤, 로맨스 극장에서",판타지,3.5
밤쉘,전쟁,3.8
펭귄 하이웨이,애니메이션,3.1
나를 차버린 스파이,코미디,3.7
스타 이즈 본,로맨스,3.6
레이디 가가 155cm의 도발,다큐멘터리,3.5
겨울왕국의 무민,애니메이션,3.3
목격자,스릴러,2.7
하워드 덕,액션,2.8
마돈나 : 라이크 어 버진,음악,2.6
일대종사,액션,3.3
팔려가는 소녀들: 추악한 진실,다큐멘터리,3.6
"Ashley Madison: Sex, Lies and Cyber Attacks",다큐멘터리,2.8
수도승과 물고기,애니메이션,3.3
청소부 톰,애니메이션,2.7
아버지와 딸,애니메이션,3.8
미스터 레스모어의 환상적인 책 여행,애니메이션,3.7
미션 임파서블: 폴아웃,액션,3.7
킬링 디어,드라마,3.8
아주르와 아스마르,애니메이션,3.9
"레이철, 하얀 흑인",다큐멘터리,3.4
더 기프트,드라마,3.2
시에라 연애 대작전,로맨틱코미디,2.2
맨 인 더 다크,범죄,3.4
업그레이드,액션,3.6
환상의 커플,코미디,3.5
하비 걸,미국,3.6
서치,드라마,3.8
프라이즈 위너,드라마,3.5
"오늘 밤, 엄마를 찾지마 ",코미디,2.6
여중생A,드라마,2.7
프리모니션,드라마,2.9
포르노의 막이 내린 후에 2,다큐멘터리,2.6
더 패키지,코미디,2.5
루저의 역습,코미디,2.5
스텝 시스터스,드라마,2.9
핫 걸 원티드,다큐멘터리,3.3
트윈스터즈,다큐멘터리,3.7
스피드 2,액션,2.6
벤지,모험,3.6
언프렌드,스릴러,2.1
오렌지,로맨스,3.6
킹 코브라,드라마,2.2
로열 크리스마스,로맨스,2.4
"에브리씽, 에브리씽",로맨스,3.2
퀸카가 아니어도 좋아,코미디,3.5
장난스런 키스 더 무비 1 : 하이스쿨 편,로맨스,3.4
이상한 나라의 앨릭스,코미디,2.3
내가 사랑했던 모든 남자들에게,로맨스,3.6
#리얼리티하이,코미디,2.8
오빠에게 너무 사랑받아서 곤란해요,로맨스,2.4
스카이스크래퍼,액션,2.8
레이디스 나잇,코미디,3.7
나인 야드,범죄,3.2
미드나잇 선,드라마,3.8
맘마미아!2,로맨틱코미디,3.6
테라포마스,SF,2.0
포르노의 막이 내린 후에,다큐멘터리,2.6
미성년이지만 어린애는 아냐,코미디,3.4
마블 원-샷: 올 헤일 더 킹,액션,3.4
퍼펙트 블루,미스터리,3.8
인크레더블 2,애니메이션,3.8
바오,애니메이션,2.7
앤트맨과 와스프,SF,3.6
어둠 속의 댄서,범죄,3.8
인 어 하트비트,애니메이션,3.5
한나 개즈비: 나의 이야기,코미디,4.4
섹스토피아,다큐멘터리,3.6
아이 필 프리티,코미디,3.6
동물원 인터뷰,애니메이션,3.7
얼리맨,판타지,3.1
행복을 찾아서,드라마,3.8
하늘을 걷는 남자,모험,3.5
패시파이어,액션,3.1
비포 앤 애프터,스릴러,3.1
거꾸로 가는 남자,코미디,3.9
램페이지,액션,3.0
쥬라기 월드: 폴른 킹덤,SF,3.2
키싱 부스,로맨스,2.7
트루스 오어 데어,공포,2.7
"스탠바이, 웬디",코미디,3.6
앨리 웡 : 성性역은 없다,코미디,3.8
앨리 웡: 베이비 코브라,예능,3.6
배드 맘스 크리스마스,드라마,3.2
배드 맘스,코미디,3.4
에이스 벤츄라,코미디,3.5
돌아온 벤지,키즈,3.3
상사에 대처하는 로맨틱한 자세,로맨스,3.1
캔디 상자,드라마,2.8
앱,SF,1.9
악마의 씨,공포,3.8
위플래쉬 (단편),드라마,4.0
오션스8,범죄,3.5
유전,드라마,3.5
그린 랜턴: 반지의 선택,액션,2.3
40살까지 못해본 남자,로맨스,3.1
최고의 감독,드라마,3.3
여배우,드라마,3.4
에반 올마이티,코미디,3.3
변태 가면,액션,2.5
크로스로드,애니메이션,3.2
데드풀 2,액션,3.7
콜 미 바이 유어 네임,드라마,4.0
마이애미 바이스,액션,3.1
아틀란티스: 잃어버린 제국,애니메이션,3.4
필스,코미디,3.4
존 카터: 바숨 전쟁의 서막,액션,3.0
독수리 오형제,액션,1.9
데블스 에드버킷,드라마,3.6
내 이야기!!,코미디,3.5
스폭에 대한 사랑으로,다큐멘터리,3.4
스타 트렉 4 - 귀환의 항로,SF,3.6
머나먼 여정,코미디,3.8
찬스,드라마,3.7
헐리웃 스토리,드라마,3.1
에이트,영국,3.1
괴물,판타지,3.0
어두워질 때까지,스릴러,3.5
콰이어트 플레이스,공포,3.4
라스트 모히칸,액션,3.7
여배우는 오늘도,코미디,3.5
브로큰 데이트,액션,3.1
스윙 타임,로맨틱코미디,3.0
배드 지니어스,범죄,3.7
엘리시움,SF,3.2
흑기사 중세로 가다,액션,3.1
왓치맨,액션,3.4
홉 스프링스,로맨틱코미디,2.8
아이언 자이언트,애니메이션,3.9
워크 오브 셰임,코미디,2.8
트롤 홀리데이,애니메이션,3.1
한낮의 유성,로맨스,3.6
더 10 이어 플랜,로맨스,2.8
이너프 세드,코미디,3.6
레이디 버드,코미디,3.9
다빈치 코드,미스터리,3.5
닥터 모로의 DNA,판타지,2.5
헬보이,액션,3.3
몬스터 호텔,애니메이션,3.6
폴리스 스토리 3 - 초급경찰,코미디,3.5
할로우 맨,액션,3.2
레디 플레이어 원,액션,3.7
폴리스 스토리 2 - 구룡의 눈,범죄,3.6
우주 전사 버즈,애니메이션,3.2
쓰리 빌보드,범죄,4.0
플로리다 프로젝트,드라마,4.0
스위니 토드: 어느 잔혹한 이발사 이야기,공포,3.3
툼스톤,액션,3.1
당갈,드라마,4.0
퍼시픽 림: 업라이징,액션,2.8
스타워즈: 라스트 제다이,액션,3.3
폴리스 스토리,액션,3.7
틴 비치 무비,가족,3.2
더 리더: 책 읽어주는 남자,로맨스,3.7
커뮤터,액션,3.1
신과함께-죄와 벌,판타지,3.7
지금 만나러 갑니다,로맨스,3.8
일주일간 친구,로맨스,3.7
어벤져스: 인피니티 워,액션,4.1
패터슨,드라마,3.9
50가지 그림자: 해방,스릴러,2.7
선생님!... 좋아해도 될까요?,로맨스,3.3
퍼시픽 림,SF,3.2
러빙 빈센트,애니메이션,3.9
피치 퍼펙트 3,음악,3.1
리틀 포레스트,드라마,3.9
피의 연대기,다큐멘터리,3.9
영웅: 천하의 시작,액션,3.5
페르디난드 더 불,애니메이션,3.2
페르디난드,코미디,3.2
연인,드라마,3.5
연인,액션,3.2
곰돌이 푸,애니메이션,3.8
메이즈 러너: 데스 큐어,SF,3.3
메리와 마녀의 꽃,판타지,2.8
황후화,액션,3.2
더 빅 보이,판타지,3.2
인어공주 ,드라마,2.6
비틀 드라이브,코미디,3.1
쥬만지: 새로운 세계,액션,3.4
다키스트 아워,드라마,3.7
피트니스 스캔들,코미디,2.3
히로시마 내 사랑,로맨스,3.4
셰이프 오브 워터: 사랑의 모양,모험,3.9
너의 췌장을 먹고 싶어,로맨스,3.3
스노우맨,범죄,2.3
원더,가족,4.2
주피터 어센딩,액션,2.4
레모네이드 마우스,틴에이저,3.1
위대한 쇼맨,드라마,3.8
블랙 팬서,액션,3.5
패딩턴 2,드라마,3.8
레고 닌자고 무비,액션,2.9
다운사이징,SF,2.6
오페라의 유령 : 25주년 특별 공연,드라마,4.0
베이비 드라이버,액션,3.7
코코,애니메이션,4.0
올라프의 겨울왕국 어드벤처,애니메이션,3.2
튤립 피버,로맨스,2.8
1987,드라마,4.0
이 세상의 한구석에,애니메이션,3.7
스티브 지소와의 해저 생활,액션,3.6
투 러버스 앤 베어,드라마,3.0
로즈,드라마,3.2
헛소동,로맨스,3.0
로그 원: 스타워즈 스토리,액션,3.6
오리엔트 특급 살인,범죄,3.1
범죄도시,범죄,3.9
내 사랑,드라마,3.8
아이 캔 스피크,드라마,3.9
블레이드 러너 2049,액션,3.7
문라이트,드라마,3.8
키드냅,범죄,2.8
토니 에드만,코미디,3.8
그녀와 그녀의 고양이: 흘러가는 시간들,애니메이션,3.7
크리스마스 스타!,코미디,3.2
토탈 리콜,액션,3.7
저스티스 리그,판타지,2.8
미스 슬로운,스릴러,4.1
적과의 동침,드라마,3.4
레이디 맥베스,로맨스,3.5
그들이 진심으로 엮을 때,드라마,3.7
디스턴스,드라마,3.5
M. 버터플라이,로맨스,3.4
퍼니 게임,범죄,3.5
피아니스트,드라마,3.6
해피 데스데이,공포,3.2
빌리 엘리어트 뮤지컬 라이브,코미디,4.1
스타 탄생,로맨스,3.7
신체 강탈자의 침입,드라마,3.7
잠깐만 회사 좀 관두고 올게,드라마,3.0
메카닉,액션,3.4
유리정원,미스터리,2.7
춤추는 대수사선 2,범죄,3.3
카3: 새로운 도전,애니메이션,3.3
포카혼타스 2,애니메이션,2.8
춤추는 대수사선,범죄,3.4
토르: 라그나로크,액션,3.9
라이언,드라마,3.7
카 2,애니메이션,3.1
아버지와 이토씨,드라마,3.4
내 아내와 결혼해 주세요,로맨스,2.9
해프닝,미스터리,3.0
파운더,드라마,3.6
지오스톰,SF,2.9
이모티: 더 무비,애니메이션,2.9
아이 앰 히스 레저,다큐멘터리,3.8
제니스 웨딩,코미디,3.4
괴물의 아이,판타지,3.8
복성고조,액션,3.0
밴디다스,서부극,2.8
7년-그들이 없는 언론,다큐멘터리,3.4
그녀를 믿지 마세요,로맨틱코미디,3.0
메달리온,액션,2.7
더 보스,코미디,2.5
스타스트럭,미국,2.8
킹스맨: 골든 서클,액션,3.4
킨키 부츠,드라마,3.5
마더!,스릴러,3.4
어느 하녀의 일기 ,드라마,2.7
하트스톤,드라마,3.5
몬스터,범죄,3.6
발레리안 : 천 개 행성의 도시,액션,3.3
치어 댄스,코미디,3.3
재키,드라마,3.2
아토믹 블론드,액션,3.4
더 바,코미디,2.8
카고,드라마,3.9
뮤리엘의 웨딩,드라마,3.4
피치걸,로맨스,2.9
메카닉: 리크루트,액션,2.8
오란고교 호스트부,코미디,2.0
언노운 걸,스릴러,3.4
언더월드,액션,3.4
그것,스릴러,3.0
더 테이블,드라마,3.4
택시운전사,가족,4.0
DOA,액션,2.4
파워레인져스: 더 비기닝,액션,2.5
오늘의 키라군,로맨스,3.5
빨간머리 앤 - 선생님이 된 앤,캐나다,3.9
빨강머리 앤,드라마,4.2
더 서클,드라마,2.9
분노,드라마,3.8
하루,미스터리,2.9
감기,드라마,3.2
레미제라블 25주년 런던 라이브 공연,드라마,4.3
공범자들,다큐멘터리,3.7
덩케르크,역사,4.0
페어런트 트랩,로맨스,3.9
개에게 처음 이름을 지어준 날,드라마,3.3
루팡 3세: 칼리오스트로의 성,액션,3.5
안달루시아의 개,판타지,3.4
플란다스의 개,드라마,3.4
왕자와 무희,로맨틱코미디,3.2
해적,로맨틱코미디,3.6
쇼처럼 즐거운 인생은 없다,음악,3.1
박쥐,로맨스,3.3
조지 & A.J.,애니메이션,3.3
심야식당 2,드라마,3.8
이스터 퍼레이드,로맨스,3.5
썸머 스톡,미국,3.6
사도,시대극,3.7
슈퍼배드 3,애니메이션,3.4
데스 노트,스릴러,1.8
블랑섹의 기이한 모험,판타지,3.1
킬러의 보디가드,스릴러,3.7
밀양,드라마,3.6
허트 로커,드라마,3.8
범죄의 재구성,범죄,3.8
로우,드라마,3.6
더 도어,드라마,3.5
빅쇼트,드라마,3.8
레볼루셔너리 로드,드라마,3.9
아이히만 쇼,드라마,3.5
지니어스,드라마,3.3
재즈 싱어,드라마,3.2
리얼,액션,1.1
몬테 크리스토 백작,액션,3.5
오! 수정,코미디,3.2
파도가 지나간 자리,드라마,3.6
롱기스트 라이드,로맨스,3.5
밀정,드라마,3.6
주홍글씨,드라마,2.9
핑크 플로이드의 벽,드라마,3.8
스노든,드라마,3.5
밤의 해변에서 혼자,드라마,3.4
완다라는 이름의 물고기,범죄,3.3
박열,시대극,3.6
악녀,액션,3.1
아주 긴 변명,드라마,3.6
디 아워스,드라마,3.7
누구나 비밀은 있다,코미디,2.5
레이디킬러,코미디,3.0
존 윅 - 리로드,범죄,3.6
반드시 크게 들을 것,음악,3.4
노무현입니다,다큐멘터리,3.8
인사이드 르윈,코미디,3.7
로슈포르의 숙녀들,코미디,3.8
버스 657,액션,3.0
카모메 식당,드라마,3.7
의형제,드라마,3.5
고질라,액션,2.9
세 가지 색 : 블루,드라마,3.6
베티블루 37.2,로맨스,3.7
드라이브,범죄,3.7
문영,드라마,3.3
레이디 수잔,코미디,3.1
결혼하지 않아도 괜찮을까,드라마,3.3
콩: 스컬 아일랜드,SF,2.9
레고 배트맨 무비,가족,3.5
헌츠맨: 윈터스 워,액션,2.7
미이라,액션,2.7
바람의 검심 : 전설의 최후편,액션,3.6
바람의 검심 : 교토 대화재편,액션,3.5
패스트 & 퓨리어스 도쿄 드리프트,액션,3.4
찰리 바틀렛,드라마,3.1
스파이더맨: 홈커밍,액션,4.0
옥자,드라마,3.6
테이크 쉘터,드라마,3.7
최후의 Z,스릴러,3.0
원더 우먼,전쟁,3.3
너브,모험,3.2
이중 배상,범죄,3.7
경찰서를 털어라,액션,3.6
바람의 검심,액션,3.3
고슴도치의 우아함,드라마,4.0
봄날은 간다,드라마,3.8
한공주,드라마,3.7
성난 변호사,범죄,3.2
핵소 고지,드라마,3.8
어느날,로맨스,3.1
닉과 노라의 인피니트 플레이리스트,코미디,3.3
페인티드 베일,드라마,3.6
오리엔트 특급 살인사건,범죄,3.6
너무 밝히는 소녀 알마,드라마,2.7
정원사,다큐멘터리,3.5
공장 노동자들의 퇴근,다큐멘터리,3.4
트레인스포팅,드라마,3.9
선샤인,모험,3.4
머니볼,스포츠,3.8
모나리자 스마일,드라마,3.7
플러버,SF,3.4
당신에게 오늘 밤을,로맨틱코미디,3.7
시간위의 집,미스터리,2.7
드라큐라,공포,3.6
레이디킬러,범죄,3.6
라이프,공포,3.4
임금님의 사건수첩,미스터리,3.1
업 포 러브,코미디,3.3
아키라,애니메이션,3.8
오멘,공포,3.6
아브릴과 조작된 세계,애니메이션,3.4
이유없는 반항,드라마,3.6
필라델피아 스토리,로맨틱코미디,3.3
스미스씨 워싱톤 가다,드라마,3.7
아파트 열쇠를 빌려드립니다,로맨틱코미디,3.9
가디언즈 오브 갤럭시 VOL. 2,액션,3.9
콜로설,액션,2.5
보스 베이비,애니메이션,3.4
이웃집 스파이,액션,2.9
투씨,코미디,3.4
겟 아웃,스릴러,3.7
에이리언: 커버넌트,SF,3.6
컨테이젼,재난,3.4
공각기동대 : 고스트 인 더 쉘,액션,2.7
모놀리스,드라마,2.3
더 브레이브,모험,3.6
고질라,스릴러,2.8
마블원샷: 에이전트 카터,액션,3.6
호텔 슈발리에,로맨스,3.4
사랑은 다 괜찮아,코미디,2.9
행복 목욕탕,가족,3.6
데스노트: 더 뉴 월드,범죄,2.9
스텝포드 와이프,스릴러,3.1
미라클 벨리에,코미디,3.6
배트맨 앤 로빈,판타지,2.5
번 애프터 리딩,드라마,3.4
나가요: ながよ,드라마,2.7
배트맨 포에버,액션,3.0
6번째 날,액션,3.2
바다의 뚜껑,드라마,2.8
맨체스터 바이 더 씨,드라마,3.9
나는 비밀을 알고 있다,드라마,3.5
조작된 도시,스릴러,3.3
베이컨시,스릴러,3.2
히치콕 트뤼포,다큐멘터리,3.5
더 게임,드라마,3.6
패트와 매트: 뚝딱뚝딱 대소동,애니메이션,3.8
디스터비아,범죄,3.3
다즐링 주식회사,드라마,3.5
식인어 피라나,코미디,2.8
슬리핑 뷰티,드라마,2.6
이글 아이,액션,3.3
23 아이덴티티,공포,3.4
싸이코,스릴러,3.5
공각기동대,애니메이션,3.9
맥스군 사랑에 빠지다,로맨틱코미디,3.6
하나,드라마,2.8
백악관 최후의 날,액션,3.0
유령수업,코미디,3.6
청설,드라마,3.8
찰리 윌슨의 전쟁,드라마,2.9
앵그리버드 더 무비,애니메이션,3.1
이 투 마마,드라마,3.3
로얄 테넌바움,코미디,3.8
바톤 핑크,코미디,3.7
고인돌 가족 플린스톤,판타지,3.1
드레스메이커,코미디,3.5
패스트 & 퓨리어스 2,액션,3.7
사보타주,범죄,3.4
공조,액션,3.5
다음 침공은 어디?,코미디,3.7
이상적인 남편,로맨틱코미디,3.1
매기스 플랜,코미디,3.4
"헤일, 시저!",코미디,3.4
러브 스토리,드라마,3.6
줄리에타,드라마,3.6
내일을 위한 시간,드라마,3.8
50가지 그림자: 심연,로맨스,2.6
세 남자와 아기,로맨스,3.1
토이즈,판타지,3.3
슈퍼배드 2:3 미니 무비 컬렉션,영국,3.6
인포먼트,범죄,2.9
황비홍 3 - 사왕쟁패,액션,3.3
오리엔테이션 데이,애니메이션,2.9
홈 메이크오버,애니메이션,3.3
마스터,범죄,3.5
미녀와 야수,가족,3.6
식물도감,로맨스,3.0
황비홍 2 - 남아당자강,액션,3.5
원더풀 라이프,판타지,3.9
아무도 모른다,드라마,4.0
진짜로 일어날지도 몰라 기적,드라마,3.9
사브리나,코미디,3.6
낯선 여인과의 하루,로맨스,3.6
갤럭시 퀘스트,SF,3.4
몬스터 맥스,SF,1.9
그레이트 월,액션,2.4
이창,미스터리,3.9
로건,액션,4.0
세크리터리,코미디,3.2
헤이트 발렌타인데이,로맨틱코미디,2.5
연애의 목적,로맨틱코미디,3.2
환상의 빛,드라마,3.7
파리의 아메리카인,드라마,3.4
천하장사 마돈나,드라마,3.2
아이 엠 어 히어로,액션,3.2
태풍이 지나가고,코미디,3.8
스파이 넥스트 도어,액션,2.9
여교사,드라마,2.5
더 킹,범죄,3.5
이지 버츄,로맨틱코미디,2.8
아워 이디엇 브라더,코미디,3.4
고지라,공포,3.0
히든 피겨스,역사,4.0
컨택트,미스터리,3.9
환상의 발라드,로맨틱코미디,3.1
씽,애니메이션,3.6
앱솔루틀리 애니씽,코미디,3.0
바람이 분다,애니메이션,3.1
"구름의 저편, 약속의 장소",애니메이션,3.5
저주받은 카메라,드라마,3.7
미스 페레그린과 이상한 아이들의 집,모험,3.5
프레지던트 메이커,드라마,3.3
카사블랑카,전쟁,3.8
네메시스,모험,3.1
신 고질라,액션,2.7
다이얼 M을 돌려라,스릴러,3.8
평원의 무법자,서부극,3.7
딥워터 호라이즌,액션,3.3
쉘부르의 우산,드라마,3.7
원챈스,코미디,3.3
현기증,스릴러,4.0
나의 그리스식 웨딩 2,코미디,3.1
나의 그리스식 웨딩,드라마,3.2
죽어야 사는 여자,판타지,3.3
룸,드라마,3.8
존 윅,스릴러,3.6
스타 트렉 9 - 최후의 반격,모험,3.3
"불량소녀, 너를 응원해!",드라마,3.8
파 프롬 헤븐,드라마,3.5
살아있는 시체들의 밤,SF,3.6
"당신, 거기 있어줄래요",판타지,3.6
차이나 문,스릴러,2.9
울프맨,공포,2.4
미술관 옆 동물원,로맨스,3.6
히말라야,드라마,3.5
위험한 독신녀,드라마,3.3
머펫 무비,가족,3.3
장화신은 고양이,애니메이션,3.3
위대한 개츠비,드라마,3.5
바닷마을 다이어리,가족,3.8
트롤,애니메이션,3.4
코렐라인: 비밀의 문,애니메이션,3.8
스쿨 타이,드라마,3.2
해피 피트 2,애니메이션,3.4
라임라이트,드라마,3.9
레지던트 이블 2,액션,3.5
사랑이 이끄는 대로,코미디,3.1
억압받는 다수,드라마,4.0
레지던트 이블,액션,3.7
어바웃 레이,코미디,3.5
스트로베리 쇼트케이크,드라마,3.2
"나, 다니엘 블레이크",드라마,4.1
아기공룡 둘리 - 둘리의 배낭 여행,애니메이션,3.7
The Magic School Bus,애니메이션,3.7
오 형제여 어디 있는가,모험,3.6
패신저스,드라마,3.4
박스트롤,애니메이션,3.6
아티스트,코미디,3.8
너의 이름은.,드라마,3.9
체이싱 아미,로맨틱코미디,3.2
스타 트렉 8 - 퍼스트 콘택트,모험,3.5
블레이드 II,판타지,3.5
좋아해,로맨스,3.2
신비한 동물사전,가족,3.7
걸어도 걸어도,가족,4.0
007 죽느냐 사느냐,액션,3.4
카페 소사이어티,드라마,3.4
페임,드라마,3.5
라우더 댄 밤즈,드라마,3.4
선생님의 일기,로맨스,3.5
선물,애니메이션,3.7
테이킹 플라이트,애니메이션,3.4
슈퍼 리노,애니메이션,2.9
스매쉬드,드라마,3.3
지상의 밤,코미디,4.0
연애담,드라마,3.4
모아나,애니메이션,3.8
우리들,드라마,4.0
캡틴 필립스,드라마,3.6
다가오는 것들,드라마,3.8
비틀즈: 하드 데이즈 나이트,코미디,3.6
"내 어깨 위 고양이, 밥",코미디,3.8
천사의 선택,로맨틱코미디,3.2
세상에서 고양이가 사라진다면,드라마,3.6
007 다이아몬드는 영원히,액션,3.4
긴급 명령,액션,3.3
싱 스트리트,드라마,3.9
쌍화점,시대극,2.8
비틀스: 에잇 데이즈 어 위크 - 투어링 이어즈,다큐멘터리,3.7
스페이스 잼,애니메이션,3.0
"장화, 홍련",공포,3.3
오만과 편견 그리고 좀비,액션,2.7
007 여왕 폐하 대작전,액션,3.3
비밀은 없다,스릴러,3.3
언더 더 스킨,SF,3.1
슈퍼소닉,다큐멘터리,3.9
가려진 시간,드라마,3.3
미씽: 사라진 여자,미스터리,3.5
쥬라기 공원 3,스릴러,3.4
캬바레,전쟁,3.9
핑크 플라밍고,범죄,2.8
프레스티지,드라마,3.8
8명의 여인들,스릴러,3.5
아가씨와 건달들,로맨틱코미디,3.4
워터프론트,드라마,3.6
메이커,애니메이션,3.6
007 살인 면허,액션,3.3
달라스 바이어스 클럽,드라마,3.8
요람을 흔드는 손,드라마,3.5
우리 형,드라마,3.3
우리가 불 속에서 잃어버린 것들,드라마,3.8
서울역,애니메이션,2.9
미니의 19금 일기,드라마,3.4
쥬라기 공원 2: 잃어버린 세계,공포,3.6
러시 : 더 라이벌,드라마,3.6
라일리의 첫번째 데이트?,단편,3.5
"메밀꽃, 운수 좋은 날, 그리고 봄봄",애니메이션,3.4
미스터 노바디,SF,3.7
본 레거시,액션,3.3
솔트,액션,3.3
범죄의 여왕,스릴러,3.4
아더 크리스마스,애니메이션,3.4
해피 피트,애니메이션,3.5
버틀러: 대통령의 집사,드라마,3.6
굿' 바이: Good & Bye,드라마,3.7
4등,스포츠,3.7
"좋은 놈, 나쁜 놈, 이상한 놈",서부극,3.5
명량,전쟁,3.6
아저씨 우리 결혼할까요?,로맨스,2.4
빌리 엘리어트,드라마,4.1
스타 트렉 7 - 넥서스 트렉,모험,3.4
동사서독,드라마,3.6
우리도 사랑일까,코미디,3.8
에브리바디 원츠 썸!!,코미디,3.3
트루스,드라마,3.6
아가씨,시대극,3.8
캣츠,공연실황,3.9
호빗: 다섯 군대 전투,판타지,3.8
헤이트풀8,범죄,3.8
호빗: 스마우그의 폐허,판타지,3.8
캔디,로맨스,3.8
태극기 휘날리며,전쟁,3.8
썸니아,드라마,3.1
로스트 인 더스트,액션,3.8
호빗 : 뜻밖의 여정,판타지,3.7
데쓰 프루프,공포,3.4
민우씨 오는 날,드라마,3.5
아기배달부 스토크,판타지,3.3
캡틴 판타스틱,코미디,3.8
파니 핑크,드라마,3.8
왕과 나,로맨스,3.7
스타 트렉 6 - 미지의 세계,모험,3.5
할로윈,공포,3.3
1984,드라마,3.4
리틀 포레스트 2: 겨울과 봄,드라마,4.0
스타 트랙 5 - 최후의 결전,스릴러,3.2
에시오 트롯: 거북아 거북아,코미디,3.7
나이트 크롤러,범죄,3.7
리틀 포레스트: 여름과 가을,드라마,3.9
팀 아메리카: 세계 경찰,액션,3.2
그것에 관하여,다큐멘터리,3.0
엘리자베스,드라마,3.4
바그다드 카페,드라마,3.9
올가미,스릴러,3.0
이프 아이 스테이,드라마,3.3
아내가 결혼했다,드라마,3.2
라라랜드,코미디,4.1
우리 사랑하는 동안,드라마,3.3
나이트 플라이트,액션,3.2
맬리스 인 원더랜드,드라마,3.0
스타 트렉 3 - 스포크를 찾아서,모험,3.4
블레이드,판타지,3.6
오스틴 파워 - 제로,모험,3.1
워킹 걸,로맨틱코미디,3.2
미녀 삼총사 2 - 맥시멈 스피드,액션,3.3
스타 트렉 2 - 칸의 분노,모험,3.5
미녀와 야수,판타지,3.8
짱구는 못말려 극장판: 정면승부! 로봇아빠의 역습,애니메이션,3.8
딥 임팩트,재난,3.6
나인,드라마,2.9
캐빈 인 더 우즈,공포,3.2
라스트 액션 히어로,액션,3.3
싱글 인 L.A.,로맨스,2.8
형사 가제트,액션,2.7
잃어버린 세계를 찾아서,액션,3.2
스타 트렉,모험,3.6
헤어드레서,드라마,3.2
미스 에이전트 2: 라스베가스 잠입사건,액션,2.8
라스트 데이,드라마,3.3
액트 오브 킬링,다큐멘터리,3.9
라빠르망,드라마,3.7
님은 먼곳에,전쟁,3.1
택시,코미디,3.7
핸콕,액션,3.4
스누피 - 신나는 여행,애니메이션,3.6
오베라는 남자,코미디,3.8
백만장자와 결혼하는 법,로맨틱코미디,3.2
내부자들,범죄,4.0
설리: 허드슨강의 기적,드라마,3.8
원초적 본능 2,스릴러,2.4
립반윙클의 신부,드라마,3.4
마지막 군단,액션,2.5
좋아해줘,로맨스,3.1
동급생,드라마,4.1
나우 유 씨 미 2,액션,3.8
히로인 실격,로맨스,3.4
소시지 파티,판타지,2.9
페이탈 피어,공포,2.9
시리어스 맨,드라마,3.7
굿닥터,드라마,2.9
워터보이즈,스포츠,3.4
눈물이 주룩주룩,드라마,2.8
스위트 룸,범죄,2.9
잃어버린 세계를 찾아서 2 : 신비의 섬,액션,2.9
큐브,드라마,3.7
발몽,드라마,3.1
내니 맥피 - 우리 유모는 마법사,판타지,3.4
위험한 사돈,액션,3.0
걷기왕,드라마,3.2
더 브론즈,코미디,3.5
브리짓 존스의 베이비,드라마,3.6
라이트 아웃,공포,2.9
미스터 캣,코미디,3.2
대지진,재난,2.7
파이퍼,애니메이션,3.9
겟 썸,액션,3.5
닥터 스트레인지,액션,3.9
도리를 찾아서,애니메이션,3.7
보물성,애니메이션,3.4
타워링,재난,3.7
베어풋,로맨틱코미디,3.1
콘택트,SF,4.0
세이빙 MR.뱅크스,가족,3.6
쿠로사키군의 말대로는 되지 않아,로맨스,2.9
수어사이드 스쿼드,SF,2.8
멍하고 혼돈스러운,드라마,3.3
고스트 오브 걸프렌즈 패스트,로맨틱코미디,2.8
맥베스,드라마,3.5
글리터,드라마,2.1
볼케이노,액션,3.5
미 마이셀프 앤드 아이린,코미디,3.4
쥬랜더 리턴즈,코미디,2.3
제로법칙의 비밀,코미디,3.1
쥬랜더,코미디,3.2
로빈 후드,애니메이션,3.6
러시 아워 3,액션,3.4
러시 아워 2,액션,3.4
러시 아워,액션,3.6
늑대 소녀와 흑왕자,로맨스,2.6
캣츠 앤 독스,액션,3.1
내 남자의 아내도 좋아,코미디,3.5
고양이를 빌려드립니다,드라마,3.4
레드: 더 레전드,액션,3.5
폭풍의 언덕,드라마,3.3
메이지가 알고 있었던 일,드라마,3.8
해피 해피 브레드,드라마,3.3
다이버전트 시리즈: 얼리전트,액션,3.3
타미,코미디,2.8
서바이빙 크리스마스,코미디,2.8
디파티드,스릴러,3.7
제이 앤 사일런트 밥,코미디,3.0
점원들,드라마,3.8
마이 시스터즈 키퍼,드라마,3.5
R.I.P.D. : 알.아이.피.디.,액션,2.8
엠파이어 레코드,드라마,3.3
미지와의 조우,드라마,3.6
저지 드레드,액션,3.0
고양이 춤,다큐멘터리,3.7
블루 재스민,드라마,3.8
씬 시티,액션,3.6
닌자터틀 : 어둠의 히어로,SF,2.7
디태치먼트,드라마,3.9
덕혜옹주,시대극,3.4
3:10 투 유마,서부극,3.4
블래스트,코미디,3.5
투 나잇 스탠드,코미디,3.2
거울나라의 앨리스,모험,3.5
선물 가게를 지나야 출구,다큐멘터리,3.9
연가시,드라마,3.0
까밀 리와인드,코미디,3.3
하우 투 루즈 프렌즈,코미디,2.8
미스터 라잇,액션,3.0
브레이킹 던 part2,모험,3.6
브레이킹 던 part1,액션,3.6
정글북,모험,3.4
터널,드라마,3.6
키드,드라마,3.9
샤넬과 스트라빈스키,드라마,3.1
반지의 제왕 : 왕의 귀환,판타지,4.2
반지의 제왕 : 두 개의 탑,판타지,4.1
고스트버스터즈,액션,3.6
사랑도 리콜이 되나요,음악,3.4
라쇼몽,드라마,3.8
북북서로 진로를 돌려라,로맨스,3.8
무간도,액션,4.1
유로트립,코미디,3.0
디올 앤 아이,다큐멘터리,3.7
싸이코,공포,4.0
최악의 이웃과 사랑에 빠지는 방법,코미디,3.1
한나,액션,2.9
돈의 맛,드라마,2.5
택시,액션,3.6
해롤드와 쿠마 2: 관타나모만 탈출,코미디,3.3
솔로이스트,음악,3.3
옴 샨티 옴,음악,3.4
머펫의 크리스마스 캐롤,가족,3.3
캐리비안의 해적 - 세상의 끝에서,액션,3.9
열차의 도착,다큐멘터리,3.9
파이터,드라마,3.7
캐리비안의 해적 - 망자의 함,스릴러,3.9
이층의 악당,스릴러,2.9
스턱 인 러브,코미디,3.5
런던시계탑 밑에서 사랑을 찾을 확률,코미디,3.5
이클립스,모험,3.5
뉴 문,모험,3.3
이스케이프,재난,3.2
킹콩,판타지,3.4
나이스 가이즈,액션,3.1
저수지의 개들,범죄,3.9
인디아나 존스: 크리스탈 해골의 왕국,액션,3.5
달콤한 인생,액션,3.9
오명,로맨스,3.7
스타트렉 비욘드,모험,3.7
스캐너 다클리,애니메이션,3.3
서프러제트,드라마,4.0
넥스트,액션,3.2
블레이드 러너,SF,3.9
42번가,로맨스,3.2
미니언즈: 미션 잔디 깎기!,애니메이션,3.4
환타지아,애니메이션,3.8
킬 미,로맨틱코미디,2.2
쉘터,공포,2.6
잘 있으니까 걱정 말아요,프랑스,3.4
한니발,범죄,3.6
드림업,코미디,3.1
제이슨 본,액션,3.6
제로 다크 서티,드라마,3.7
부산행,액션,3.8
로렐,드라마,3.4
오아시스,드라마,3.6
헤이츠,드라마,2.8
틴틴 : 유니콘호의 비밀,애니메이션,3.2
레전드 오브 타잔,로맨스,2.9
악마가 너의 죽음을 알기 전에,드라마,3.7
가족의 탄생,드라마,3.6
전망 좋은 방,드라마,3.5
마이펫의 이중생활,애니메이션,3.3
엄청나게 시끄럽고 믿을 수 없게 가까운,드라마,3.8
덤 앤 더머 투,코미디,2.9
지금은맞고그때는틀리다,드라마,3.4
너는 내 운명,로맨스,3.7
베케이션,코미디,3.1
엘리자베스타운,드라마,3.2
굿바이 레닌,코미디,3.7
타임 투 킬,드라마,3.5
멋진 하루,로맨스,3.5
스카이 하이,모험,3.0
런던 해즈 폴른,액션,3.1
키리시마가 동아리활동 그만둔대,드라마,3.6
완득이,드라마,3.4
혐오스런 마츠코의 일생,코미디,3.7
후궁 : 제왕의 첩,로맨스,2.7
괴테스쿨의 사고뭉치들,코미디,3.5
채식주의자,드라마,2.2
스플라이스,공포,2.8
거북이는 의외로 빨리 헤엄친다,코미디,3.5
아메리칸 허슬,범죄,3.5
굿바이 싱글,드라마,3.2
국제시장,드라마,3.8
스캔들 - 조선남녀상열지사,시대극,3.0
올 어바웃 스티브,로맨스,2.6
미 비포 유,드라마,3.7
프롬,드라마,2.7
레지던트,드라마,2.7
데몰리션 맨,액션,3.3
방자전,드라마,3.0
이집트 왕자,애니메이션,3.7
레이크 하우스,드라마,3.0
구스범스,모험,3.1
윈터스 본,드라마,3.3
갓 헬프 더 걸,드라마,3.4
블루 발렌타인,드라마,3.7
고령화가족,드라마,3.0
롤러코스터,코미디,2.8
업 클로즈 앤 퍼스널,로맨스,3.3
나의 소녀시대,로맨스,4.0
맨 인 블랙 3,액션,3.7
수상한 그녀,코미디,3.8
대통령의 연인,코미디,3.1
비밀,로맨스,3.5
프란시스 하,코미디,3.7
파이널 데스티네이션,판타지,3.1
엑스맨: 아포칼립스,SF,3.4
나의 PS 파트너,로맨스,3.2
실미도,전쟁,3.7
곰돌이 푸의 모험,가족,3.8
갓 오브 이집트,액션,2.9
팻 걸,드라마,2.9
제5원소,액션,3.8
감시자들,액션,3.5
더 픽사 스토리,다큐멘터리,4.0
제리,드라마,3.2
데스티네이션 2,공포,3.2
007 두번 산다,액션,3.3
곡성(哭聲),미스터리,3.9
스누피:더 피너츠 무비,애니메이션,3.6
하우 투 비 싱글,로맨스,3.4
지구가 끝장 나는 날,액션,3.5
아르고,드라마,3.6
인디아나 존스 - 최후의 성전,판타지,3.9
미스터 히치: 당신을 위한 데이트 코치,코미디,3.3
애니,드라마,3.6
캡틴 아메리카: 시빌 워,액션,3.9
독수리 에디,스포츠,3.3
쟈니 잉글리쉬,코미디,3.0
폭스파이어,드라마,3.6
"우리, 사랑일까요?",코미디,3.6
트렁크 속의 연인들,액션,3.2
머더 바이 넘버,스릴러,2.8
인디아나 존스: 마궁의 사원,액션,3.9
클로버필드,액션,3.4
굿 다이노,애니메이션,3.4
지상에서 영원으로,로맨스,3.6
버닝 맨,드라마,3.4
엽문3: 최후의 대결,액션,3.5
엽문 2,액션,3.5
엽문,액션,3.7
아메리칸 울트라,액션,2.9
스위트 알라바마,로맨틱코미디,2.8
위핏,드라마,3.4
어드벤처랜드,코미디,3.3
타임 투 리브,드라마,3.5
굿모닝 프레지던트,코미디,2.8
성난 황소,스포츠,3.9
허공에의 질주,범죄,4.1
스위치,코미디,3.1
낫씽 투 루즈,액션,3.1
와일드 차일드,틴에이저,3.5
지구를 지켜라!,코미디,3.4
여왕 마고,드라마,3.2
프랑켄위니,코미디,3.5
프랑켄위니,애니메이션,3.4
담뽀뽀,드라마,3.6
타임 머신,판타지,3.5
레베카,드라마,3.8
맨 온 렛지,스릴러,3.2
아서 뉴먼,드라마,2.8
무스탕: 랄리의 여름,드라마,3.9
스타워즈: 깨어난 포스,액션,3.6
폭풍의 질주,액션,3.4
춤추는 나의 베아트리체,로맨스,3.4
메인 스트리트,로맨스,2.3
아노말리사,드라마,3.7
개의 삶,코미디,3.6
드라마/맥스,로맨스,2.7
블라인드 사이드,드라마,4.0
바닐라 스카이,판타지,3.7
미스테리어스 스킨,드라마,3.6
뜨거운 오후,범죄,3.8
키스 미 어게인,미국,1.1
아르센 루팡,액션,2.7
체리밤,드라마,2.5
헝거게임: 더 파이널,액션,3.7
네트워크,드라마,3.7
배트맨 대 슈퍼맨: 저스티스의 시작,판타지,2.8
캠걸,드라마,2.0
모두가 대통령의 사람들,역사,3.7
"마진 콜: 24시간, 조작된 진실",드라마,3.5
진저 앤 로사,드라마,3.1
스포트라이트,드라마,4.0
리치몬드 연애 소동,드라마,3.0
증기선 윌리,애니메이션,3.5
"러브, 로지",로맨스,3.5
원 데이,드라마,3.7
런어웨이즈,드라마,3.0
저지 걸,코미디,3.2
쿵푸팬더 3,판타지,3.4
데어데블,판타지,2.7
빨간머리 앤 : 네버엔딩스토리,드라마,4.0
카오스,스릴러,2.6
발칙한 러브스캔들,로맨틱코미디,3.2
귀향,전쟁,3.8
마빈의 방,드라마,3.3
지상 최고의 아빠,드라마,3.2
은하수를 여행하는 히치하이커를 위한 안내서,모험,3.6
히스테리아,로맨틱코미디,3.1
동주,드라마,3.9
주토피아,모험,4.2
루즈 체인지,다큐멘터리,3.4
존레논 비긴즈-노웨어보이,드라마,3.3
남쪽으로 튀어,코미디,2.9
모터싸이클 다이어리,드라마,3.7
미스 페티그루의 어느 특별한 하루,로맨틱코미디,3.3
플레이스 비욘드 더 파인즈,범죄,3.7
에브리바디 올라잇,드라마,3.4
흐르는 강물처럼,드라마,3.9
데드풀,액션,3.8
리플리,범죄,3.8
범죄와의 전쟁 : 나쁜놈들 전성시대,액션,4.0
리턴 투 센더,드라마,2.7
바다의 노래:벤과 셀키요정의 비밀,판타지,3.9
달세계 여행,판타지,3.7
에비에이터,드라마,3.4
캐롤,드라마,4.0
멋진 인생,드라마,3.8
오픈 유어 아이즈,드라마,3.8
해피 이벤트,코미디,3.8
리지 맥과이어,가족,3.2
노예 12년,역사,3.8
스포트라이트,코미디,2.7
마스터,드라마,3.8
로우리스 : 나쁜 영웅들,범죄,3.4
제인 오스틴 북 클럽,로맨스,3.5
스타더스트,모험,3.2
오스틴랜드,로맨스,3.4
사랑은 당신,로맨스,3.0
새벽의 황당한 저주,공포,3.4
더 랍스터,코미디,3.7
조디악,스릴러,3.6
007 스펙터,모험,3.1
조셉 고든-레빗의 69채널,코미디,2.2
히트맨: 에이전트 47,액션,2.9
밤의 이야기,애니메이션,3.7
어나더 컨트리,로맨스,3.4
나의 판타스틱 데뷔작,액션,3.6
대호,역사,3.0
하우스 버니,코미디,3.1
레전드,범죄,3.1
시계태엽 오렌지,범죄,3.9
말레나,코미디,3.5
인세퍼러블,드라마,3.5
택시 드라이버,드라마,4.0
내 인생의 마지막 변화구,스포츠,3.5
샌프란시스코에서 하룻밤,로맨스,3.5
엠마,드라마,3.2
준벅,드라마,3.5
머펫 대소동,코미디,3.0
파고,범죄,3.9
카,애니메이션,3.4
레버넌트: 죽음에서 돌아온 자,액션,3.7
마미,드라마,3.8
세인트 트리니안스 2 - 프리튼 교장의 황금 전설,코미디,3.1
셔터 아일랜드,미스터리,3.9
레이더스,모험,4.0
시카리오: 암살자의 도시,액션,3.8
우먼 인 골드,드라마,3.7
세인트 트리니안스,코미디,3.3
람보,모험,3.5
투 다이 포,코미디,3.2
라 비 앙 로즈,드라마,3.8
아이다호,드라마,3.7
매그놀리아,드라마,3.9
러브 앤 머시,드라마,3.4
사랑도 통역이 되나요?,드라마,3.5
아리조나 유괴 사건,코미디,3.6
장고: 분노의 추적자,서부극,3.9
덤 앤 더머,코미디,3.6
원스 어폰 어 타임 인 아메리카,범죄,4.0
쥴 앤 짐,드라마,3.7
나를 미치게 하는 여자,코미디,3.0
더 노멀 하트,드라마,3.9
블러드 다이아몬드,액션,3.7
28주 후,드라마,3.6
사브리나,로맨스,3.1
아직은 사랑을 몰라요,코미디,2.5
툼 레이더,액션,3.3
어 퓨 굿 맨,드라마,3.8
크림슨피크,공포,3.0
아는 여자,코미디,3.5
래기스,로맨틱코미디,3.2
이퀼리브리엄,액션,3.7
슈팅 라이크 베컴,코미디,3.0
공동경비구역 JSA,드라마,3.9
시간을 달리는 소녀,로맨스,3.3
연애소설,로맨스,3.4
팬,모험,2.9
내겐 너무 사랑스러운 그녀,로맨틱코미디,3.4
미하엘 콜하스의 선택,드라마,3.3
나니아 연대기: 새벽 출정호의 항해,모험,3.5
작은 버즈라이트이어,애니메이션,3.5
파티사우루스 렉스,애니메이션,3.8
하와이안 베케이션,애니메이션,3.6
셜록: 유령신부,드라마,3.8
비포 미드나잇,드라마,3.9
선샤인 클리닝,코미디,3.4
박하사탕,드라마,3.7
소피의 선택,로맨스,3.6
더 그레이,액션,3.2
혹성 탈출 1,모험,3.8
바운스,드라마,2.7
아메리칸 사이코,범죄,3.7
마마듀크,코미디,2.6
아이언 마스크,판타지,3.3
인턴,드라마,3.9
낫 세이프 포 워크,스릴러,3.2
극적인 하룻밤,코미디,2.7
세레모니,코미디,2.6
배트맨 리턴즈,액션,3.7
초능력자,드라마,2.8
미쓰 와이프,코미디,3.3
크리스마스 캐롤,애니메이션,3.3
행복배달부 팻아저씨,가족,3.3
더 딥 블루 씨,드라마,3.1
터미네이터 제니시스,SF,3.4
안녕! 유에프오,로맨틱코미디,2.7
모범시민,액션,3.6
아이스 에이지: 어 매머드 크리스마스,애니메이션,2.8
펄프 픽션,범죄,4.0
무드 인디고,드라마,3.6
로미오와 줄리엣,로맨스,3.8
굿모닝 에브리원,로맨틱코미디,3.5
솔저스 걸,드라마,3.8
체인지 업,코미디,3.2
러브 앤 워,로맨스,3.0
"달콤, 살벌한 연인",로맨틱코미디,3.1
노생거 사원,로맨스,3.3
뜨거운 것이 좋아,로맨스,3.7
러브 인 비즈니스클래스,로맨틱코미디,3.1
설득,로맨스,3.7
다우트,드라마,3.9
맨스필드 파크,드라마,3.0
베이비 길들이기,코미디,3.5
웨스트 사이드 스토리,음악,3.6
라이프 애프터 베스,코미디,2.3
엠마,로맨틱코미디,3.3
천사와 사랑을,판타지,3.2
화이 : 괴물을 삼킨 아이,액션,3.4
더 콘서트,코미디,3.5
노라 없는 5일,드라마,2.9
건축학개론,로맨스,3.5
파수꾼,틴에이저,3.9
가을의 전설,드라마,3.8
프로메테우스,SF,3.6
어느날 밤에 생긴 일,로맨틱코미디,3.7
더 폰,범죄,3.3
황해,스릴러,3.7
동물 농장,애니메이션,3.6
세인트 루이스에서 만나요,로맨스,3.5
위대한 독재자,코미디,4.0
나는 전설이다,모험,3.6
로렌스 애니웨이,드라마,3.8
멜랑콜리아,드라마,3.8
12 몽키즈,미스터리,3.7
하나와 앨리스 : 살인사건,애니메이션,3.5
붙어야 산다,코미디,3.1
더 보이스,코미디,3.1
어린왕자,판타지,3.8
햄릿 2000,로맨스,2.7
헤더스,스릴러,3.3
매직 마이크 XXL,드라마,3.1
"페어웰, 마이 퀸",드라마,3.0
위대한 유산,드라마,3.6
청춘 스케치,코미디,3.7
채플린,드라마,3.7
벨벳 골드마인,음악,3.7
007 썬더볼 작전,액션,3.4
007 골드핑거,액션,3.4
007 위기일발,액션,3.4
007 살인번호,스릴러,3.4
로프,범죄,3.8
별을 쫓는 아이:아가르타의 전설,애니메이션,3.5
도그마,모험,3.1
내 남자 사용법,로맨틱코미디,3.3
마린,드라마,2.9
철도원,드라마,3.5
황금광 시대,모험,3.9
달콤한 복수,로맨틱코미디,2.7
렌트,음악,3.7
새벽의 저주,액션,3.7
에베레스트,모험,3.2
파퍼씨네 펭귄들,코미디,3.4
검은 사제들,스릴러,3.6
다크 사이드 오브 선,로맨스,2.6
"러브, 마릴린",다큐멘터리,3.4
온리 포 유,로맨틱코미디,3.2
미녀와 야수,드라마,3.6
시티 라이트,로맨틱코미디,3.9
신부와 편견,드라마,3.2
천녀유혼,액션,3.8
내일을 향해 쏴라,서부극,3.9
새,공포,3.8
화이트 하우스 다운,액션,3.2
오만과 편견,드라마,3.3
로리타,범죄,3.5
더 헌트,드라마,3.8
에이리언 4,SF,3.5
오즈의 마법사,판타지,3.7
에이리언 3,SF,3.5
모라토리움기의 다마코,드라마,3.2
에이리언 2,액션,3.8
에이리언,공포,3.9
맨 프롬 UNCLE,코미디,3.4
하트비트,드라마,3.7
쉬리,액션,3.7
잠수종과 나비,드라마,3.7
하나와 앨리스,로맨스,3.5
이상한 나라의 앨리스,애니메이션,3.8
"가장 따뜻한 색, 블루",드라마,3.8
심야식당,코미디,3.7
중경삼림,로맨스,4.0
앵무새 죽이기,드라마,3.7
마션,모험,3.9
저지 드레드,액션,3.1
진주만,액션,3.6
버진 스노우,드라마,2.8
스물,드라마,3.4
친구,액션,3.8
데스 노트,판타지,3.2
비치,모험,3.3
표적,드라마,3.2
레퀴엠,드라마,4.0
모퉁이 가게,로맨틱코미디,3.7
소셜포비아,스릴러,3.2
청춘의 증언,드라마,3.7
특종: 량첸살인기,스릴러,3.1
스트롭 에지,로맨스,2.6
카포티,범죄,3.6
다 큰 녀석들,코미디,3.5
후세: 말하지 못한 내 사랑,애니메이션,3.6
씨민과 나데르의 별거,드라마,4.0
베스트 엑조틱 메리골드 호텔,코미디,3.5
아드레날린 24,액션,3.4
아폴로 13,모험,3.6
안나 카레니나,드라마,3.5
인서전트,SF,3.4
베니스의 상인,드라마,3.2
아메리칸 스나이퍼,스릴러,3.8
프랭크,음악,3.4
퀵 앤 데드,서부극,2.9
라이언 일병 구하기,전쟁,4.1
매직 인 더 문라이트,로맨스,3.2
뷰티 인사이드,로맨스,3.9
7년만의 외출,코미디,3.3
조선명탐정 : 사라진 놉의 딸,시대극,3.3
문라이즈 킹덤,드라마,3.7
지금 사랑하는 사람과 살고 있습니까?,로맨스,2.5
테레즈 라캥,범죄,3.1
드라큘라: 전설의 시작,판타지,3.1
미트 페어런츠,코미디,3.3
헝거게임: 모킹제이,액션,3.7
갬빗,코미디,3.0
내가 잠들기 전에,드라마,3.4
대부 3,범죄,4.0
톨스토이의 마지막 인생,드라마,3.3
엑시덴탈 러브,코미디,2.6
레일웨이 맨,드라마,3.2
베테랑,액션,4.0
헝거게임: 캣칭 파이어,액션,3.9
댈러웨이 부인,로맨스,3.2
메이즈 러너: 스코치 트라이얼,액션,3.5
바람과 함께 사라지다,전쟁,4.0
장수상회,가족,3.4
푸드 주식회사,다큐멘터리,3.7
나의 사적인 여자친구,드라마,3.5
로마 위드 러브,로맨틱코미디,3.3
록키,스포츠,3.9
헨젤과 그레텔 : 마녀 사냥꾼,판타지,2.9
소셜 네트워크,드라마,3.5
피아니스트,드라마,4.1
길버트 그레이프,드라마,3.8
슬럼독 밀리어네어,드라마,3.9
아더 우먼,코미디,3.2
살인의 추억,범죄,4.1
트루스 어바웃 엠마누엘,드라마,3.1
인 타임,액션,3.5
크러쉬,공포,2.4
뉴 월드,로맨스,2.9
버팔로 66,코미디,3.9
패치 아담스,코미디,3.8
셰익스피어 인 러브,코미디,3.5
창문넘어 도망친 100세 노인,모험,3.6
아메리칸 셰프,모험,3.9
숀더쉽,가족,3.6
사랑은 비를 타고,음악,4.0
판타스틱 4,액션,2.6
온리 유,코미디,3.5
붉은 돼지,판타지,3.6
"크레이지, 스투피드, 러브",로맨틱코미디,3.5
종이 달,드라마,3.6
디스트릭트 9,SF,3.8
알로하,로맨스,2.8
더 라스트 파이브 이어즈,코미디,3.0
잭 더 자이언트 킬러,판타지,2.9
그는 당신에게 반하지 않았다,로맨틱코미디,3.5
환상속의 그대,로맨스,3.1
앤트맨,액션,3.9
샌 안드레아스,재난,3.1
필립 모리스,코미디,3.4
트로픽 썬더,액션,3.1
임신한 당신이 알아야 할 모든 것,코미디,3.0
페리스의 해방,코미디,3.5
진격의 거인 파트 1,SF,2.4
업사이드 다운,판타지,3.2
다운 위드 러브,로맨틱코미디,3.0
반지의 제왕 : 반지 원정대,판타지,4.1
암살,액션,4.0
타임 투 러브,로맨틱코미디,2.8
미니언즈,애니메이션,3.5
스펙타큘라 나우,드라마,3.4
볼트,애니메이션,3.3
우리들이 있었다 후편,로맨스,3.2
우리들이 있었다 전편,로맨스,3.2
금지옥엽 2,로맨스,3.2
배틀로얄,액션,2.9
저스트 어 이어,로맨틱코미디,2.6
스켈리톤 키,공포,3.3
픽셀스,액션,3.5
미션 임파서블 : 고스트 프로토콜,액션,3.9
미션 임파서블: 로그네이션,액션,3.8
미션 임파서블 3,액션,3.8
시티 아일랜드,드라마,3.2
미션 임파서블 2,액션,3.6
분노의 질주,액션,3.8
단테스 피크,액션,3.3
배트맨 비긴즈,액션,3.9
코쿠리코 언덕에서,애니메이션,3.2
블라인드 가이,로맨틱코미디,3.2
줄무늬 파자마를 입은 소년,드라마,4.1
19곰 테드 2,코미디,3.0
세 얼간이,코미디,4.1
셀마,드라마,3.7
난 그녀와 키스했다,로맨틱코미디,3.2
앵그리스트맨,코미디,3.4
미드나잇 인 파리,코미디,3.9
라바,애니메이션,3.5
주온 - 극장판,공포,2.8
픽셀,액션,2.9
손님,판타지,2.8
인사이드 아웃,코미디,4.1
시네마 천국,드라마,4.3
와호장룡,액션,3.7
센스 앤 센서빌리티,드라마,3.6
좀비랜드,모험,3.5
19곰 테드,판타지,3.3
점퍼,액션,3.4
더 저지,드라마,3.7
트래쉬,모험,3.7
2001 스페이스 오디세이,SF,4.0
향수 - 어느 살인자의 이야기,범죄,3.7
햄릿,드라마,3.2
몽상가들,드라마,3.6
쥬라기 월드,액션,3.5
린다 린다 린다,틴에이저,3.2
여배우들,드라마,2.7
아오하라이드,로맨스,3.4
비기너스,코미디,3.8
"멘, 우먼 & 칠드런",드라마,3.5
크레이머 대 크레이머,드라마,3.7
서약,로맨스,3.6
빈,코미디,3.5
은교,로맨스,2.9
엑스 마키나,드라마,3.5
초콜렛,로맨스,3.3
노인을 위한 나라는 없다,범죄,4.0
간신,드라마,2.8
우리 개 이야기,드라마,3.5
"색, 계",드라마,3.6
차이나타운,범죄,3.1
배트맨,액션,3.7
모짜르트와 고래,로맨틱코미디,3.5
더 퍼지,공포,2.8
열두 명의 웬수들,가족,3.2
오직 사랑하는 이들만이 살아남는다,드라마,3.5
미저리,공포,3.7
싱글 맨,드라마,3.7
007 카지노 로얄,액션,3.8
어느 멋진 순간,로맨스,3.5
캐스트 어웨이,모험,4.0
친절한 금자씨,드라마,3.6
보이후드,드라마,3.9
기쿠지로의 여름,코미디,3.7
내 여자친구의 결혼식,코미디,3.2
정글북,애니메이션,3.6
로봇 앤 프랭크,코미디,3.4
홈,애니메이션,3.3
피버 피치,로맨틱코미디,3.4
룸메이트,드라마,2.5
스타워즈 에피소드 3: 시스의 복수,SF,3.9
올드보이,드라마,4.1
스타워즈 에피소드 2: 클론의 습격,SF,3.7
뉴욕 아이 러브 유,로맨틱코미디,3.1
뱀파이어와의 인터뷰,드라마,3.8
파란만장,판타지,3.4
스타워즈 에피소드 1: 보이지 않는 위험,SF,3.7
스폰지밥3D,애니메이션,3.1
조 블랙의 사랑,판타지,3.5
터미네이터,액션,3.9
겟 스마트,액션,3.1
스타워즈 에피소드 6: 제다이의 귀환,액션,4.0
스타워즈 에피소드 5: 제국의 역습,SF,4.0
스타워즈 에피소드 4: 새로운 희망,SF,3.9
유기견 입양기,코미디,3.7
걸리버 여행기,모험,2.9
쉰들러 리스트,드라마,4.2
연애놀이,애니메이션,3.3
화씨 9/11,다큐멘터리,3.5
금지된 사랑,로맨스,3.4
세븐,스릴러,4.1
스탠 바이 미,모험,3.8
터너와 후치,드라마,3.2
버레스크,로맨스,3.6
토요일 밤의 열기,로맨스,3.5
캐리,공포,3.5
호킹,드라마,3.8
양들의 침묵,드라마,4.0
톰보이,드라마,3.8
초속 5센티미터,로맨스,3.7
해피 홀리데이,코미디,3.2
비버리 힐스 캅,범죄,3.3
꼬마 돼지 베이브,코미디,3.4
컨저링,스릴러,3.2
파라노말 액티비티,공포,3.1
토탈 이클립스,드라마,3.6
티파니에서 아침을,로맨스,3.8
슈퍼 사이즈 미,다큐멘터리,3.4
우리에게 내일은 없다,로맨스,3.8
놀랍도록 줄어든 사나이,스릴러,3.7
블랙코드,액션,2.2
피치 퍼펙트: 언프리티 걸즈,음악,3.3
블렌디드,코미디,3.5
스카페이스,드라마,4.0
스크림,공포,3.4
탑건,액션,3.7
연애의 맛,로맨스,2.3
배드 티처,코미디,2.9
신이 말하는 대로,공포,2.7
링,공포,3.1
구구는 고양이다,드라마,3.1
베토벤 2,코미디,3.2
베토벤,코미디,3.4
마이 페어 레이디,가족,3.7
누가 로져 래빗을 모함했나,애니메이션,3.3
런어웨이 브라이드,코미디,3.1
죠스,공포,3.5
클로저,로맨스,3.7
졸업,코미디,3.8
한여름 밤의 꿈,로맨틱코미디,3.2
아웃 오브 아프리카,드라마,3.8
채피,액션,3.4
월터의 상상은 현실이 된다,모험,3.8
테이크다운,범죄,2.9
스파이,액션,3.9
레인 맨,드라마,4.0
매드맥스: 분노의 도로,액션,4.1
멀홀랜드 드라이브,스릴러,3.8
로보캅,액션,3.6
매드 맥스 3,액션,3.2
매드 맥스 2: 로드 워리어,액션,3.5
매드 맥스,액션,3.4
럭키 넘버 슬레븐,범죄,3.6
파이란,로맨스,3.7
리썰 웨폰 4,액션,3.4
리썰 웨폰 3,액션,3.5
근거리 연애,드라마,2.4
맨하탄,로맨틱코미디,3.9
리썰 웨폰 2,액션,3.5
나나,드라마,3.2
12명의 성난 사람들,드라마,4.2
여인의 향기,드라마,4.1
헤드윅,음악,4.0
칵테일,드라마,3.4
록키 호러 픽쳐 쇼,판타지,3.8
레고 무비,애니메이션,3.6
마리 앙투아네트,드라마,3.3
완전한 세상,드라마,3.7
그래비티,SF,4.0
조찬 클럽,드라마,3.4
록 스탁 앤 투 스모킹 배럴즈,코미디,3.9
스트레인저 댄 픽션,코미디,3.7
브레이브하트,드라마,4.0
세비지 그레이스,드라마,3.1
나인 하프 위크,드라마,3.3
에버 애프터,로맨틱코미디,3.3
워킹걸,코미디,2.4
폭스캐처,드라마,3.8
도라에몽:스탠바이미,애니메이션,3.6
스내치,코미디,3.7
유아 낫 유,드라마,3.4
수퍼맨 리턴즈,판타지,3.1
밤의 피크닉,일본,3.1
전차남,드라마,3.1
리썰 웨폰,액션,3.7
데이브,로맨틱코미디,3.3
네번의 결혼식과 한번의 장례식,로맨틱코미디,3.4
맨 온 파이어,액션,3.7
글루미 선데이,드라마,3.7
땡스 포 쉐어링,로맨틱코미디,3.2
더 퍼스트 타임,로맨스,3.5
라이프 오브 파이,판타지,4.0
매치 포인트,드라마,3.4
스틸 앨리스,드라마,3.7
올리버 트위스트,범죄,3.6
아마데우스,음악,4.0
베드타임 스토리,판타지,3.1
노킹 온 헤븐스 도어,범죄,3.9
콜드 라잇 오브 데이,액션,2.6
다이브!,스포츠,2.5
박사가 사랑한 수식,드라마,3.5
어벤져스: 에이지 오브 울트론,액션,3.8
패밀리 S다이어리,드라마,2.6
패딩턴,모험,3.5
캐치 미 이프 유 캔,범죄,4.1
닌자터틀,애니메이션,2.9
닌자 거북이 TMNT,판타지,2.9
쇼생크 탈출,드라마,4.4
"흡연, 감사합니다",코미디,3.6
동방불패,드라마,3.8
백설공주의 마지막 키스,드라마,3.4
창,애니메이션,3.7
잭,코미디,3.6
가부와 메이 이야기,코미디,3.7
"러브, 비하인드",코미디,3.4
대부 2,드라마,4.2
줄리 & 줄리아,드라마,3.7
브릭 맨션: 통제불능 범죄구역,액션,3.0
완벽한 파트너,드라마,2.2
"서른아홉, 열아홉",코미디,3.3
피파 리의 특별한 로맨스,코미디,3.0
아이가 커졌어요,모험,3.3
하룻밤,드라마,2.6
밤벌레,한국,2.6
맨 프럼 어스,SF,3.9
펀치 드렁크 러브,코미디,3.7
인디펜던스 데이,SF,3.6
천국보다 아름다운,로맨스,3.6
윔블던,스포츠,3.2
루비 스팍스,로맨틱코미디,3.6
어느 멋진 날,로맨틱코미디,3.5
로맨틱 홀리데이,로맨스,3.7
김복남 살인사건의 전말,스릴러,3.3
파리의 자살가게,애니메이션,3.1
우리는 동물원을 샀다,드라마,3.6
쎄시봉,음악,3.3
파라노만,애니메이션,3.3
타임 패러독스,액션,3.8
굿바이 마이 프랜드,드라마,4.0
사탄의 인형,공포,3.2
그녀,드라마,3.9
피터 팬,애니메이션,3.7
언어의 정원,애니메이션,3.7
사랑한다면 이들처럼,드라마,3.6
돌려차기,코미디,2.1
소림축구,스포츠,3.5
와일드,모험,3.9
소녀이야기,애니메이션,4.1
마더,드라마,3.6
데블,공포,3.0
어네스트와 셀레스틴,음악,3.9
데미지,드라마,3.3
보노보노 극장판 : 쿠모모나무의 비밀,애니메이션,3.5
신데렐라,판타지,3.5
겨울왕국 열기,애니메이션,3.5
타짜,드라마,4.1
사랑의 가위바위보,로맨틱코미디,2.9
진격의 거인-홍련의 화살-,애니메이션,3.4
나의 사랑 나의 신부,드라마,3.3
추억의 마니,애니메이션,3.4
마이 원 앤 온리,드라마,3.5
유주얼 서스펙트,범죄,4.2
프라이멀 피어,범죄,4.0
연애의 온도,로맨틱코미디,3.5
127 시간,드라마,3.4
빅 피쉬,모험,3.9
라스베가스를 떠나며,로맨스,3.7
28일 후,드라마,3.7
위플래쉬,드라마,4.0
인크레더블 헐크,액션,3.5
미쓰 홍당무,코미디,3.0
죽음의 날,판타지,3.2
오션스 13,범죄,3.7
마담 프루스트의 비밀정원,코미디,3.8
리미트리스,SF,3.8
선샤인 온 리스,코미디,2.7
더 심슨:더 롱기스트 데이케어,애니메이션,3.6
포레스트 검프,드라마,4.3
남자사용설명서,로맨스,2.9
너겟츠,애니메이션,3.5
키위!,애니메이션,3.5
헤븐리 어필스,애니메이션,2.9
댓츠 마이 보이,코미디,3.0
파리의 유령,애니메이션,3.5
아트 오브 겟팅 바이,드라마,3.3
안드레와 월리 꿀벌의 모험,애니메이션,2.7
당신 곁에 잠들고 싶어요,애니메이션,3.4
당신의 성인을 알아보는 법,드라마,3.2
핫 로드,일본,2.6
밤비,애니메이션,3.5
하녀,스릴러,2.9
그레이의 50가지 그림자,드라마,2.7
28일 동안,드라마,3.2
몬스터 vs 에이리언,애니메이션,3.1
007 퀀텀 오브 솔러스,액션,3.5
아이 킬드 마이 마더,드라마,3.8
몽키 심포니,애니메이션,3.1
노벰버 맨,액션,2.8
비포 선라이즈,판타지,3.3
디어 존,드라마,3.3
스노우맨,판타지,4.0
보이지 않아도,애니메이션,3.8
빈센트,애니메이션,3.6
파이트 클럽,드라마,4.1
이완 맥그리거의 인질,로맨스,3.3
돈 존,코미디,2.9
스플래쉬,로맨틱코미디,3.3
스트레스를 부르는 그 이름 직장상사 2,코미디,3.1
아담과 개,애니메이션,3.4
톰과 제리 설록홈즈를 만나다,애니메이션,3.4
러브 이즈 올 유 니드?,드라마,3.8
메리 포핀스,드라마,3.8
박물관이 살아있다 : 비밀의 무덤,모험,3.3
논스톱,액션,3.5
제임스와 거대한 복숭아,애니메이션,3.6
선샤인 걸,애니메이션,3.1
미녀와 야수 2,애니메이션,3.3
더그의 특별 임무,애니메이션,3.5
이보다 더 좋을 순 없다,로맨스,3.9
썸원 라이크 유,로맨틱코미디,3.1
허당 해적단,애니메이션,3.2
치킨 런,애니메이션,3.5
나무를 심은 사람,판타지,4.0
혼자는 싫어요,드라마,3.8
17세의 혼돈,로맨틱코미디,3.1
엘라 인챈티드,로맨틱코미디,2.9
오션스 트웰브,범죄,3.6
사랑의 동반자,코미디,3.6
턱시도,액션,3.2
하와이,드라마,3.6
쿵푸팬더 : 시크릿 오브 더 퓨리어스 파이브,애니메이션,3.5
쿵푸팬더: 동지축제,애니메이션,3.4
씨.오.지.,드라마,3.1
해롤드와 쿠마,코미디,3.4
그의 시선,드라마,3.9
노인과 돼지,애니메이션,2.3
자본주의: 러브 스토리,다큐멘터리,3.8
반딧불이의 숲으로,애니메이션,3.9
슈퍼배드 2,애니메이션,3.7
22 점프 스트리트,범죄,3.5
신,애니메이션,2.6
독스 오브 워,코미디,3.0
나방,애니메이션,2.6
블랙 골드,애니메이션,2.7
서브마린 샌드위치,애니메이션,3.5
웨스턴 스파게티,애니메이션,3.9
루프 섹스,애니메이션,3.0
프레쉬 과카몰리,애니메이션,4.0
마이 페퍼 하트,애니메이션,1.9
케이크 카운트다운,애니메이션,2.0
장난전화,애니메이션,2.2
결혼은...,애니메이션,2.2
드로닝 넛,애니메이션,2.3
베이비 넛,애니메이션,2.2
불꽃놀이,애니메이션,2.9
피-넛,애니메이션,2.3
게임 오버,애니메이션,3.2
카붐!,애니메이션,2.9
더 딥 ,판타지,3.2
프레스토,애니메이션,3.5
말을 잡아라!,애니메이션,3.4
아리스토캣,애니메이션,3.7
판타스틱 Mr. 폭스,가족,3.9
피스트,애니메이션,3.9
킹콩,로맨스,3.3
청바지 돌려입기,코미디,3.4
사토라레,판타지,3.3
존 터커 머스트 다이,로맨틱코미디,3.0
빅 아이즈,범죄,3.3
메리 슈렉마스,애니메이션,3.4
우리는 밀러 가족,코미디,3.4
강아지 똥,판타지,3.6
슈렉 포에버,판타지,3.4
판타스틱 4,액션,3.2
슈렉 3,판타지,3.4
버드맨,드라마,3.9
300,액션,3.8
더 콜,범죄,3.5
캐리,공포,2.6
비긴 어게인,코미디,4.1
탐엣더팜,드라마,3.5
슈렉 2,판타지,3.5
마스크,판타지,3.7
시티 오브 엔젤,로맨스,3.3
L-DK,로맨스,2.5
킹콩,액션,3.4
쿨 러닝,드라마,3.8
가구야공주 이야기,판타지,3.4
B형 남자친구,로맨틱코미디,2.2
명탐정 코난 : 작별까지의 프롤로그,미스터리,2.9
백 투 더 퓨쳐 3,판타지,3.9
시스터 액트 2,음악,3.7
반 고흐,다큐멘터리,3.8
시스터 액트,음악,3.9
톰과 제리,애니메이션,3.8
라푼젤 그 후 이야기,액션,3.6
파프리카,SF,3.6
꽃미남 연쇄 테러사건,틴에이저,1.5
두 얼굴의 여친,로맨틱코미디,2.6
아메리칸 뷰티,드라마,3.8
빽 투 더 퓨쳐 2,코미디,3.9
예스맨,드라마,3.5
킹스맨 : 시크릿 에이전트,액션,4.1
블링키,공포,3.1
21 점프 스트리트,범죄,3.5
캣쉿원,애니메이션,3.4
로봇의 눈물,드라마,2.5
신텔,판타지,2.9
마루 밑 아리에티,판타지,3.5
매트릭스 3: 레볼루션,SF,3.9
이매진 미 앤 유,로맨틱코미디,3.3
사랑에 대한 모든 것,드라마,3.6
아담,드라마,3.6
해적: 바다로 간 산적,모험,3.3
존 말코비치 되기,드라마,3.8
1408,공포,3.3
공기인형,드라마,2.8
애니 홀,로맨틱코미디,3.8
비오는 도시,애니메이션,3.1
무방비 도시,범죄,2.9
인 디 에어,드라마,3.7
바다가 들린다,로맨스,3.4
할리데이,코미디,2.7
"그 시절, 우리가 좋아했던 소녀",드라마,4.0
피치 퍼펙트,음악,3.5
인생은 아름다워,드라마,4.4
혹독한 사랑,미국,2.7
S테이프,코미디,2.6
갈갈이 패밀리와 드라큐라,코미디,1.4
가문의 영광,로맨틱코미디,2.7
고 고 G-보이즈,코미디,2.0
그림형제 : 마르바덴 숲의 전설,액션,2.9
이미테이션 게임,드라마,3.8
가타카,SF,4.0
러브레이스,드라마,2.8
사랑이 다시 올 때,로맨틱코미디,2.8
빅 히어로,애니메이션,3.9
그랜드 부다페스트 호텔,드라마,4.0
나를 찾아줘,드라마,3.9
미스터 빈의 홀리데이,드라마,3.4
수면의 과학,코미디,3.5
마담 투들리-푸들리,애니메이션,3.3
뷰티풀 마인드,드라마,3.9
행오버 3,코미디,3.1
생산적 활동,다큐멘터리,4.0
작은 벽돌로 쌓은 집,애니메이션,4.0
행오버 2,코미디,3.3
글래디에이터,액션,4.1
웃음 가스,미국,2.9
20분의 사랑,미국,2.8
로고라마,액션,3.5
제로,애니메이션,3.0
히트,범죄,3.7
어리석게 죽는 방법,애니메이션,3.5
고양이 집회,애니메이션,3.4
사랑의 레시피,애니메이션,2.8
슬림 타임,애니메이션,2.5
착신아리 파이널,공포,1.9
알마,판타지,3.5
달,애니메이션,4.2
오믈렛,애니메이션,4.0
파란 우산,애니메이션,3.6
바스터즈: 거친 녀석들,모험,4.0
신사는 금발을 좋아한다,음악,3.6
쿠스코? 쿠스코!,애니메이션,3.5
박물관이 살아있다!,모험,3.4
당신은 몇번째인가요?,로맨틱코미디,3.2
후크,모험,3.5
친구와 연인사이,로맨틱코미디,3.3
쇼퍼홀릭,로맨틱코미디,3.3
마파도,코미디,2.8
뱀파이어 써커,코미디,2.3
마다가스카의 펭귄,코미디,3.5
마다가스카 펭귄들의 크리스마스 미션,애니메이션,3.6
날 미치게 하는 남자,드라마,3.3
마다가스카3 : 이번엔 서커스다!,애니메이션,3.6
로미오와 줄리엣,로맨스,3.7
사일런트 웨딩,드라마,3.3
뜨거운 녀석들,액션,3.6
고쿠센 - 더 무비,틴에이저,2.8
대부,범죄,4.3
킬 빌 2,액션,3.7
당신에게 일어날 수 있는 일,코미디,3.4
람릴라,로맨스,3.3
사랑한다고 말해 : 키스하고 싶어질 땐,틴에이저,2.8
킬 빌,액션,3.7
말레피센트,액션,3.6
워터스,드라마,2.7
숲속으로,드라마,2.6
오션스 일레븐,범죄,3.8
브이 포 벤데타,SF,3.9
토이 스토리 댓 타임 포갓,애니메이션,3.7
토이 스토리 오브 테러,애니메이션,3.7
토르: 다크 월드,모험,3.7
유 콜 잇 러브,로맨틱코미디,3.5
폰 부스,범죄,3.8
웨딩 싱어,로맨스,3.4
장미의 이름,범죄,3.7
쥬라기 공원,모험,3.9
마다가스카 2,애니메이션,3.5
굿모닝 베트남,코미디,3.7
모모와 다락방의 수상한 요괴들,드라마,3.7
워 호스,드라마,3.5
하울의 움직이는 성,판타지,4.2
자니 익스프레스,애니메이션,4.0
누군가의 시선,애니메이션,3.6
그녀와 그녀의 고양이,애니메이션,3.6
인투 더 스톰,재난,3.2
빽 투 더 퓨쳐,모험,4.0
GROW: 인피니트의 리얼 청춘 라이프,드라마,3.5
인피니트 콘서트 세컨드 인베이전 에볼루션 더 무비 3D,다큐멘터리,4.0
이것이 우리의 끝이다,코미디,2.7
신세계,드라마,4.2
어톤먼트,드라마,3.8
본 얼티메이텀,액션,4.1
스윙걸즈,틴에이저,3.5
그녀의 연기,드라마,3.3
도둑들,범죄,3.8
레이디와 트램프 2,애니메이션,3.3
브레이브 원,액션,3.1
헤어스프레이,음악,3.6
월래스와 그로밋 : 거대토끼의 저주,애니메이션,3.6
월레스와 그로밋: 빵과 죽음의 문제,애니메이션,3.7
프렌즈 위드 베네핏,로맨틱코미디,3.4
램프의 요정,드라마,3.2
셰임,드라마,3.5
좋은 밤 되세요,드라마,3.4
별별 이야기,애니메이션,3.5
별별 이야기 2 - 여섯 빛깔 무지개,가족,3.6
월레스와 그로밋 - 걸작선,애니메이션,4.0
월레스와 그로밋 - 화려한 외출,애니메이션,3.9
월레스와 그로밋 - 양털 도둑,애니메이션,3.8
월레스와 그로밋 - 전자바지 소동,애니메이션,3.8
카드캡터 사쿠라 - 봉인된 카드,판타지,3.8
그놈 목소리,스릴러,3.3
어느날 갑자기 두번째 이야기 - 네번째 층,공포,2.7
어느날 갑자기 세번째 이야기 - D-day,스릴러,2.9
거북이 달린다,드라마,3.2
절대로 네 여자가 될 수 없을거야,로맨틱코미디,2.8
내 생애 최고의 데이트,로맨틱코미디,2.7
사랑에 빠지는 아주 특별한 법칙,코미디,2.9
춘향뎐,로맨스,2.8
참을 수 없는.,드라마,2.3
사랑따윈 필요없어,로맨스,2.3
도레미파솔라시도,틴에이저,1.9
꽃보다 남자,코미디,3.2
댄서의 순정,로맨스,2.8
너는 펫,로맨틱코미디,2.2
극장판 짱구는 못말려 4기: 핸더랜드의 대모험,애니메이션,3.7
극장판 짱구는 못말려 2기: 부리부리 왕국의 숨겨진 보물,애니메이션,3.6
극장판 짱구는 못말려 7기: 폭발! 온천 부글부글 대작전,애니메이션,3.5
아이스 에이지,애니메이션,3.6
로리타,드라마,3.2
각설탕,드라마,3.0
명탐정 코난 : 눈동자 속의 암살자,애니메이션,3.6
명탐정 코난 : 세기말의 마술사,애니메이션,3.6
명탐정 코난 : 14번째 표적,애니메이션,3.6
명탐정 코난 : 시한 장치의 마천루,애니메이션,3.6
뮬란: 전사의 귀환,모험,2.8
스트리트댄스,로맨스,3.3
본 슈프리머시,액션,4.1
명탐정 코난: 베이커가의 망령,애니메이션,3.8
명탐정 코난 극장판 5 - 천국으로의 카운트다운,애니메이션,3.7
온 유어 마크,애니메이션,3.8
굿 윌 헌팅,드라마,4.2
할람 포,드라마,3.4
악의교전,스릴러,3.0
더 기버: 기억전달자,드라마,3.5
101 달마시안,드라마,3.5
키리쿠와 마녀,애니메이션,3.6
인터스텔라,모험,4.2
리스본행 야간열차,미스터리,3.7
델마와 루이스,드라마,3.9
라스트 홀리데이,모험,4.0
버니드롭,드라마,3.5
브로크백 마운틴,드라마,3.8
패왕별희,드라마,4.0
해피 투게더,로맨스,3.9
원나잇온리,로맨스,2.7
야간비행,드라마,3.0
백야,드라마,3.0
남쪽으로 간다,로맨스,2.6
"지난여름, 갑자기",드라마,3.0
님포매니악 볼륨2,드라마,3.3
영원한 여름,로맨스,3.5
님포매니악 볼륨1,드라마,3.2
더 이글,액션,3.0
메리에겐 뭔가 특별한 것이 있다,로맨틱코미디,3.4
셀터,로맨스,3.5
화이트 칙스,코미디,3.7
두근두근 내 인생,드라마,3.2
컬러풀 웨딩즈,코미디,3.5
리오 2,애니메이션,3.3
해피 플라이트,드라마,3.2
헬로우 고스트,코미디,3.5
에이 아이,모험,4.0
빅 웨딩,코미디,2.8
그리스,로맨스,3.5
헝거게임: 판엠의 불꽃,액션,3.8
티거무비,애니메이션,3.6
잠복근무,액션,2.8
캣우먼,판타지,2.5
리오,애니메이션,3.4
클로이,드라마,3.2
시간 여행자의 아내,판타지,3.7
메이즈 러너,액션,3.8
50/50,코미디,3.6
그렇게 아버지가 된다,드라마,3.9
가슴 배구단,드라마,2.6
추격자,범죄,4.1
미세스 다웃파이어,가족,3.7
러브 & 드럭스,로맨틱코미디,3.3
더 웹툰: 예고살인,공포,2.6
금지옥엽,로맨틱코미디,3.4
비스틀리,로맨스,2.8
모던 타임즈,코미디,4.0
베리드,드라마,3.5
진주 귀걸이를 한 소녀,드라마,3.5
바이센테니얼 맨,SF,3.8
친구 사이?,로맨스,2.7
마이 걸,코미디,3.7
파이널환타지,SF,2.6
고사: 피의 중간고사,공포,2.2
고교데뷔,로맨틱코미디,2.3
간 큰 가족,코미디,2.6
환상특급,공포,3.6
아스트로 보이 : 아톰의 귀환,액션,2.9
내 여자의 남자친구,드라마,2.2
빅,코미디,3.8
어거스트: 가족의 초상,코미디,3.4
구름 조금,판타지,4.0
원 맨 밴드,애니메이션,3.5
마이크의 새 차,애니메이션,3.3
룩소 2세,판타지,3.3
리프티드,애니메이션,3.4
장식품,애니메이션,3.2
잭잭의 공격,애니메이션,3.5
제리의 게임,애니메이션,3.5
전선 위의 참새,코미디,3.4
점프,애니메이션,3.1
번-E,애니메이션,3.9
낮과 밤,애니메이션,3.9
메가마인드,애니메이션,3.4
하늘에서 음식이 내린다면 2,애니메이션,3.5
왓 위민 원트,코미디,3.5
다이하드: 굿 데이 투 다이,액션,3.3
미스 리틀 선샤인,드라마,3.9
원초적 본능,드라마,3.5
내겐 너무 가벼운 그녀,로맨스,3.4
엘도라도,애니메이션,3.5
라이어 라이어,코미디,3.5
릴로 & 스티치,애니메이션,3.6
킹스 스피치,드라마,3.7
캐리비안의 해적 - 블랙 펄의 저주,액션,4.0
바르게 살자,코미디,3.3
우리들과 경찰아저씨의 700일 전쟁,코미디,3.4
내니 다이어리,로맨틱코미디,3.3
대학살의 신,코미디,3.6
백조 공주 2,애니메이션,3.3
백조 공주,애니메이션,3.5
커플로 살아남기,로맨틱코미디,3.4
애들이 줄었어요,모험,3.3
"오늘, 사랑을 시작합니다",로맨스,2.7
러브렉트,로맨틱코미디,2.8
코요테 어글리,드라마,3.7
사랑은 타이핑 중!,로맨틱코미디,3.3
나쁜 이웃들,코미디,3.1
식객,드라마,3.0
메리다와 마법의 숲,애니메이션,3.5
뮬란 2,애니메이션,3.3
덤보,애니메이션,3.5
스파이 키드,액션,3.0
Mr. 로빈 꼬시기,코미디,2.3
S러버,코미디,2.7
청원,드라마,3.7
착신아리,공포,2.7
인형사,공포,2.2
령,공포,2.3
체이싱 리버티,로맨틱코미디,2.9
딥 블루 씨,스릴러,3.2
알라딘 2 - 돌아온 자파,판타지,3.3
킬러스,액션,3.0
스피릿,애니메이션,3.4
웜 바디스,코미디,3.3
미녀 삼총사,액션,3.4
마다가스카,애니메이션,3.6
사하라,액션,2.8
맨 오브 스틸,액션,3.3
헬프,드라마,4.0
다이버전트,SF,3.4
차형사,액션,2.8
네트,액션,3.1
엑소시스트,공포,3.5
프리미엄 러쉬,액션,3.5
인어공주,로맨스,3.4
뉴욕의 연인들,로맨틱코미디,3.1
백만장자의 첫사랑,로맨스,2.2
서양골동양과자점 앤티크,코미디,2.8
웨딩 데이트,로맨스,2.8
내부고발자,범죄,3.3
6년째 연애중,로맨스,3.0
사랑의 레시피,로맨스,3.2
거짓말의 발명,로맨스,3.2
용의자,액션,3.4
케빈에 대하여,드라마,4.0
아메리칸 파이,코미디,3.2
호로비츠를 위하여,드라마,3.2
뉴욕 미니트,코미디,3.1
여선생 VS 여제자,드라마,2.4
발렌타인 데이,로맨틱코미디,3.1
나는 조지아의 미친 고양이,드라마,3.4
타워,재난,3.3
여고괴담 세번째이야기 여우계단,공포,2.5
킥 애스: 영웅의 탄생,액션,3.5
피노키오,애니메이션,3.7
클릭,코미디,3.4
더 임파서블,재난,3.6
신밧드:  7대양의 전설,애니메이션,3.4
군도:민란의 시대,액션,3.2
신데렐라 스토리,로맨틱코미디,3.4
너에게 닿기를,로맨틱코미디,3.2
싸이보그 그녀,로맨틱코미디,2.6
페이퍼맨,애니메이션,4.1
황비홍-천하무인,액션,3.6
심슨 가족: 더 무비,애니메이션,3.8
남주기 아까운 그녀,코미디,3.1
캡틴 아메리카: 윈터 솔져,액션,4.0
블레어 윗치,공포,3.2
2012,SF,3.4
슈렉,애니메이션,3.7
이지 A,틴에이저,3.5
스토커,스릴러,3.5
본 아이덴티티,액션,4.1
벼랑 위의 포뇨,애니메이션,3.7
월드워Z,액션,3.8
타이머,로맨틱코미디,3.1
뉴욕은 언제나 사랑 중,로맨틱코미디,2.7
내일의 기억,드라마,3.5
월플라워,드라마,3.8
쉬즈 올 댓,틴에이저,3.1
태풍태양,로맨스,2.6
바운티 헌터,로맨틱코미디,2.9
달콤한 거짓말,코미디,2.6
킬 유어 달링,드라마,3.5
러브 인 맨하탄,코미디,3.0
"소년, 소년을 만나다",드라마,2.4
욕망이라는 이름의 전차,드라마,3.7
미쓰 루시힐,로맨틱코미디,2.9
저스트 라이크 헤븐,드라마,3.2
러브 콤,코미디,3.1
잠자는 숲속의 공주,애니메이션,3.6
알라딘 3 - 알라딘과 도둑의 왕,애니메이션,3.4
케이트 앤 레오폴드,판타지,3.2
투 윅스 노티스,로맨틱코미디,3.0
브로큰 잉글리쉬,드라마,3.5
두번째 사랑,로맨스,3.1
러브 & 트러블,로맨틱코미디,3.2
25살의 키스,코미디,3.3
마이 파더,드라마,3.0
키스 키스 뱅뱅,범죄,3.3
하이 스쿨 뮤지컬,틴에이저,3.7
하이 스쿨 뮤지컬 2,틴에이저,3.6
엑스맨  2,액션,3.7
엑스맨: 최후의 전쟁,액션,3.6
퍼스트 어벤져,액션,3.7
히어로,범죄,3.2
네버엔딩 스토리,로맨스,2.9
초감각 커플,미스터리,2.5
시드니 화이트,코미디,3.2
오즈 그레이트 앤드 파워풀,액션,2.9
스트레스를 부르는 그 이름 직장상사,코미디,3.2
아쿠아마린,코미디,3.2
언스토퍼블,액션,3.3
마이 블루베리 나이츠,드라마,3.4
에픽 : 숲속의 전설,애니메이션,3.4
매디슨 카운티의 다리,로맨스,3.7
백설공주,모험,3.0
올드 미스 다이어리 - 극장판,코미디,2.9
더티 댄싱,드라마,3.7
10일 안에 남자 친구에게 차이는 법,로맨틱코미디,3.3
27번의 결혼 리허설,로맨틱코미디,3.1
BB 프로젝트,코미디,3.2
인어 공주 2,로맨스,3.3
겁나는 여친의 완벽한 비밀,로맨틱코미디,2.7
미스 에이전트,액션,3.1
보이 걸 씽,코미디,3.4
워크 투 리멤버,드라마,3.5
팅커 테일러 솔저 스파이,드라마,3.6
행복,로맨스,3.2
샤이닝,공포,3.9
어메이징 스파이더맨 2,액션,3.7
끝까지 간다,범죄,3.8
팀 버튼의 크리스마스 악몽,가족,3.8
내 첫사랑을 너에게 바친다,로맨스,3.3
크루즈 패밀리,애니메이션,3.6
그 놈은 멋있었다,틴에이저,2.0
"연공: 안녕, 사랑하는 모든 것",로맨스,2.7
가을로,드라마,2.9
나는 네가 지난 여름에 한 일을 알고 있다,스릴러,3.0
아나스타샤,애니메이션,3.7
하이 스쿨 뮤지컬: 졸업반,로맨틱코미디,3.8
아나콘다,액션,3.1
헤라클레스,애니메이션,3.5
슈퍼맨,SF,3.6
죽여줘! 제니퍼,코미디,2.2
변호인,드라마,4.1
핫 칙,코미디,3.5
관상,드라마,3.7
신데렐라,애니메이션,3.7
소중한 날의 꿈,애니메이션,3.4
나 홀로 집에 2 - 뉴욕을 헤매다,가족,3.8
스튜어트 리틀 2,애니메이션,3.4
판타스틱 4 - 실버 서퍼의 위협,판타지,3.1
나우 유 씨 미: 마술사기단,범죄,3.8
눈먼 자들의 도시,드라마,3.5
나 홀로 집에 3,코미디,3.3
트랜스포터,액션,3.7
"안녕,헤이즐",로맨스,3.7
고스트버스터즈,액션,3.6
페임,코미디,3.2
러브 앤 프렌즈,코미디,3.1
엣지 오브 투모로우,액션,3.9
드래곤 길들이기: 나이트 퓨리의 선물,애니메이션,3.8
드래곤 길들이기 2,애니메이션,3.6
고스트 메신저 극장판,SF,3.3
에린 브로코비치,드라마,3.7
101마리의 달마시안 개,가족,3.7
프리키 프라이데이,드라마,3.5
해무,드라마,3.0
썸머 워즈,판타지,3.7
사랑은 언제나 진행중,로맨틱코미디,3.2
공주와 개구리,애니메이션,3.4
말아톤,스포츠,3.6
페이스 오프,액션,3.8
아이 엠 샘,드라마,4.0
메종 드 히미코,드라마,3.6
몬스터 대학교,애니메이션,3.8
혹성탈출: 반격의 서막,액션,3.7
금발이 너무해 2,로맨틱코미디,3.2
주노,코미디,3.3
"나를 책임져, 알피",로맨틱코미디,3.1
레이디와 트램프,애니메이션,3.7
말리와 나,드라마,3.3
하이힐을 신고 달리는 여자,로맨스,3.2
가디언즈 오브 갤럭시,코미디,4.0
스피드,액션,3.9
엑스맨: 데이즈 오브 퓨처 패스트,액션,4.0
겨울왕국,모험,4.0
저스트 프렌드,로맨틱코미디,3.2
우리 방금 결혼했어요,로맨틱코미디,3.1
어바웃 타임,판타지,4.3
드래곤 길들이기,애니메이션,3.9
더블 크라임,범죄,3.4
한나 몬타나: 더 무비,틴에이저,3.3
롱 키스 굿나잇,액션,3.3
레옹,액션,4.2
원 포 더 머니,드라마,2.6
실버라이닝 플레이북,코미디,3.7
아멜리에,로맨틱코미디,3.7
사랑보다 아름다운 유혹,드라마,3.3
알라딘,애니메이션,3.9
내 남자친구의 결혼식,로맨틱코미디,3.4
설국열차,SF,3.7
더 테러 라이브,드라마,3.5
숨바꼭질,스릴러,3.5
매직 마이크,코미디,3.0
프로포즈 데이,로맨틱코미디,3.4
가디언즈,애니메이션,3.8
화양연화,로맨스,4.0
트루 라이즈,액션,3.5
도망자,액션,3.8
스노우 화이트 앤 더 헌츠맨,액션,2.8
미이라 3: 황제의 무덤,액션,3.0
터미네이터 3 - 라이즈 오브 더 머신,액션,3.4
미이라,액션,3.6
뻐꾸기 둥지 위로 날아간 새,범죄,4.1
우리 생애 최고의 순간,드라마,3.4
스파이더맨 3,액션,3.7
동갑내기 과외하기,로맨틱코미디,3.0
내 남자친구는 왕자님,코미디,3.2
스타트 포 텐,코미디,3.2
포세이돈,재난,3.2
토마스 크라운 어페어,로맨스,3.2
무비 43,코미디,2.8
행오버,드라마,3.6
듀 데이트,코미디,3.2
인셉션,액션,4.4
007 골든 아이,액션,3.4
007 네버 다이,액션,3.3
007 어나더데이,액션,3.2
007 언리미티드,모험,3.3
스타트렉: 더 비기닝,액션,3.8
내 사랑,로맨틱코미디,3.0
허니,드라마,3.3
패밀리 맨,코미디,3.8
은밀하게 위대하게,액션,3.4
추억은 방울방울,애니메이션,3.5
제리 맥과이어,스포츠,3.8
스타트렉 다크니스,액션,3.8
P.S. 아이 러브 유,코미디,3.6
제인 에어,드라마,3.6
위대한 개츠비,로맨스,3.8
꼬마 니콜라,키즈,3.6
프로포즈,로맨틱코미디,3.5
당신이 잠든 사이에,로맨틱코미디,3.7
아기공룡 둘리 - 얼음별 대모험,코미디,3.7
버킷 리스트: 죽기전에 꼭 하고싶은것들,드라마,3.9
클루리스,틴에이저,3.3
왓 어 걸 원츠,로맨스,3.4
마틸다,키즈,3.8
내가 널 사랑할 수 없는 10가지 이유,로맨틱코미디,4.0
순정만화,로맨틱코미디,2.9
유브 갓 메일,드라마,3.5
노틀담의 꼽추,애니메이션,3.6
완벽한 그녀에게 딱 한가지 없는 것,코미디,3.4
보디가드,액션,3.6
태양의 노래,드라마,3.5
미래를 걷는 소녀,로맨스,3.4
피터 팬,가족,3.6
비포 선셋,로맨스,4.0
어글리 트루스,로맨틱코미디,3.3
사랑의 블랙홀,판타지,3.8
당신이 사랑하는 동안에,드라마,3.8
테이큰 2,액션,3.4
페넬로피,판타지,3.3
허니와 클로버,틴에이저,3.3
스텝업 4: 레볼루션,드라마,3.7
스텝 업 3D,로맨스,3.7
로마의 휴일,로맨스,4.0
시애틀의 잠 못 이루는 밤,코미디,3.7
오만과 편견,로맨스,3.9
러브 미 이프 유 데어,코미디,3.6
꼬마 유령 캐스퍼,판타지,3.5
브링 잇 온,코미디,3.4
주먹왕 랄프,애니메이션,3.9
광복절 특사,코미디,3.1
쩨쩨한 로맨스,로맨틱코미디,2.9
밀리언 달러 베이비,드라마,3.8
박물관이 살아있다 2,모험,3.3
프린세스 다이어리,코미디,3.6
미인도,로맨스,2.7
트랜스포터 - 엑스트림,액션,3.6
플라이트플랜,공포,3.4
귀여운 여인,로맨틱코미디,3.8
프리퀀시,SF,3.9
반딧불이의 묘,가족,3.4
쉬즈 더 맨,코미디,3.5
디스 민즈 워,로맨틱코미디,3.4
17 어게인,틴에이저,3.5
라이온 킹,애니메이션,4.1
브루스 올마이티,드라마,3.8
다이 하드 4.0,액션,3.6
7번방의 선물,드라마,3.9
첫 키스만 50번째,로맨스,3.7
레미제라블,드라마,4.0
엑스맨,액션,3.8
라스베가스에서만 생길 수 있는 일,로맨틱코미디,3.2
슈퍼배드,애니메이션,3.8
원티드,범죄,3.6
라따뚜이,판타지,4.0
엑스맨: 퍼스트 클래스,판타지,3.9
데스티네이션,공포,3.4
해리포터와 아즈카반의 죄수,판타지,3.9
미스트,드라마,3.4
내가 살인범이다,액션,3.5
해리포터와 죽음의 성물 2,판타지,3.9
스파이더맨,액션,3.8
노팅 힐,로맨스,4.0
반 헬싱,판타지,3.2
디 워,판타지,1.9
트로이,로맨스,3.7
조선명탐정 : 각시투구꽃의 비밀,코미디,3.3
소스 코드,액션,3.7
도가니,스릴러,3.6
500일의 썸머,로맨틱코미디,3.9
맘마미아!,코미디,3.8
웰컴 투 동막골,코미디,3.7
7급 공무원,코미디,3.1
트랜스포머: 패자의 역습,액션,3.6
이터널 선샤인,드라마,4.1
트랜스포머 3,액션,3.5
어바웃 어 보이,드라마,3.6
국가대표,드라마,3.7
벅스 라이프,애니메이션,3.6
아이언맨,SF,4.2
번지 점프를 하다,드라마,3.7
아이언맨 3,SF,4.1
명탐정 코난: 칠흑의 추적자,애니메이션,3.6
플립,틴에이저,4.0
고양이의 보은,판타지,3.7
다이 하드 3,액션,3.8
13 구역,액션,3.7
브리짓 존스의 일기,코미디,3.7
백설공주와 일곱 난쟁이,애니메이션,3.7
가위손,판타지,3.9
시월애,드라마,3.5
크로니클,드라마,3.4
레드,액션,3.6
스텝 업,드라마,3.7
타잔,애니메이션,3.6
혹성탈출: 진화의 시작,SF,3.7
비밀의 숲 테라비시아,드라마,3.3
레터스 투 줄리엣,코미디,3.5
스텝업 2 - 더 스트리트,로맨스,3.6
A-특공대,액션,3.7
맨 인 블랙,모험,3.9
미스터 & 미세스 스미스,액션,3.6
투모로우,액션,3.6
벤자민 버튼의 시간은 거꾸로 간다,판타지,3.8
다크 나이트,액션,4.3
시간을 달리는 소녀,판타지,4.1
아바타,SF,3.9
라이온 킹 2,애니메이션,3.7
금발이 너무해,로맨틱코미디,3.4
이웃집 토토로,판타지,4.0
다이 하드 2,액션,3.8
전우치,코미디,3.4
트랜스포머,액션,3.9
과속스캔들,드라마,3.7
오펀: 천사의 비밀,공포,3.5
쏘우,공포,3.5
늑대의 유혹,로맨스,2.9
"광해, 왕이 된 남자",시대극,4.0
라디오 스타,드라마,3.5
죽은 시인의 사회,드라마,4.2
트와일라잇,드라마,3.6
매트릭스,판타지,4.2
귀를 기울이면,틴에이저,3.8
미녀와 야수,애니메이션,4.0
해리포터와 죽음의 성물 1,판타지,3.8
어린 신부,코미디,2.9
판의 미로 - 오필리아와 세 개의 열쇠,판타지,3.7
써니,드라마,4.0
토르: 천둥의 신,액션,3.7
최종병기 활,액션,3.6
고백,스릴러,3.6
마당을 나온 암탉,애니메이션,3.5
다크 나이트 라이즈,액션,4.1
어벤져스,모험,4.2
반창꼬,로맨스,3.5
이프 온리,코미디,4.0
사운드 오브 뮤직,드라마,4.1
괴물,스릴러,3.8
내 머리 속의 지우개,로맨스,3.7
테이큰,드라마,4.0
블랙 스완,드라마,3.9
셜록 홈즈,액션,3.7
코어,액션,3.4
"나니아 연대기 - 사자, 마녀 그리고 옷장",모험,3.7
어거스트 러쉬,드라마,3.9
아이덴티티,공포,4.0
동감,로맨스,3.6
맨 인 블랙 2,SF,3.7
8월의 크리스마스,드라마,3.9
노트북,로맨스,4.0
블랙,드라마,3.7
물랑 루즈,로맨스,3.9
타이타닉,로맨스,4.3
미션 임파서블,액션,4.0
우주전쟁,모험,3.4
해리가 샐리를 만났을 때,로맨틱코미디,3.8
브리짓 존스의 일기 - 열정과 애정,코미디,3.7
내 아내의 모든 것,로맨스,3.6
늑대소년,로맨스,3.5
토이 스토리 3,애니메이션,4.1
어메이징 스파이더맨,액션,3.8
쿵푸팬더 2,애니메이션,3.5
해리포터와 불사조 기사단,판타지,3.8
포카혼타스,로맨스,3.6
해리포터와 혼혈왕자,판타지,3.7
해리포터와 마법사의 돌,판타지,4.1
매트릭스 2 - 리로디드,SF,3.9
"아이, 로봇",스릴러,3.6
8 마일,음악,3.7
시카고,코미디,3.8
트루먼 쇼,드라마,4.2
월-E,가족,4.1
모노노케 히메,애니메이션,4.0
냉정과 열정 사이,로맨스,3.6
콘스탄틴,판타지,3.9
세렌디피티,로맨스,3.6
쥬만지,가족,3.7
집으로...,드라마,3.8
천공의 성 라퓨타,판타지,3.9
엽기적인 그녀,드라마,3.8
새드 무비,로맨스,3.0
셜록 홈즈: 그림자 게임,액션,3.6
오싹한 연애,공포,3.2
해바라기,드라마,3.8
화려한 휴가,드라마,3.6
해리 포터와 비밀의 방,판타지,3.9
토이 스토리 2,애니메이션,4.0
"지금, 만나러 갑니다",로맨스,3.9
"다만, 널 사랑하고 있어",로맨스,3.6
말할 수 없는 비밀,로맨스,4.0
드림걸즈,음악,3.7
야수와 미녀,로맨틱코미디,2.9
러브 액츄얼리,코미디,4.0
업,드라마,4.1
아저씨,드라마,3.9
라푼젤,로맨스,4.0
블라인드,스릴러,3.4
에어 포스 원,액션,3.5
신기전,액션,3.1
스튜어트 리틀,모험,3.6
화차,스릴러,3.4
언터처블: 1%의 우정,코미디,4.0
니모를 찾아서,판타지,3.9
"조제, 호랑이 그리고 물고기들",로맨스,3.9
마이너리티 리포트,액션,4.0
유령 신부,판타지,3.6
스쿨 오브 락,음악,3.8
센과 치히로의 행방불명,판타지,4.3
메멘토,미스터리,4.1
늑대아이,판타지,3.9
마법에 걸린 사랑,애니메이션,3.4
악마는 프라다를 입는다,드라마,3.9
터미네이터 2,액션,4.1
인어 공주,애니메이션,4.0
나 홀로 집에,가족,4.0
비커밍 제인,드라마,3.7
마녀 배달부 키키,판타지,3.7
왕의 남자,드라마,3.8
아마겟돈,SF,3.8
다이 하드,액션,4.0
신부 수업,코미디,2.4
터미널,드라마,3.9
미녀는 괴로워,코미디,3.4
쿵푸팬더,애니메이션,3.7
하늘에서 음식이 내린다면,애니메이션,3.4
김종욱 찾기,로맨틱코미디,3.5
식스 센스,드라마,4.1
패닉 룸,드라마,3.5
우리들의 행복한 시간,로맨스,3.6
몬스터 주식회사,애니메이션,4.0
아일랜드,스릴러,3.7
그 여자 작사 그 남자 작곡,로맨스,3.8
프린세스 다이어리 2,가족,3.5
...ing,드라마,3.0
아이언맨 2,SF,4.0
트랜스포터 - 라스트 미션,액션,3.6
007 스카이폴,액션,3.8
토이 스토리,애니메이션,4.1
해리포터와 불의 잔,판타지,3.8
이티,가족,3.9
오페라의 유령,로맨스,3.8
찰리와 초콜릿 공장,판타지,3.8
뮬란,애니메이션,3.9
렛 미 인,공포,3.7
시라노; 연애조작단,로맨틱코미디,3.3
러브레터,로맨스,4.0
퀸카로 살아남는 법,로맨틱코미디,3.6
행운을 돌려줘,로맨틱코미디,3.3
미이라 2,액션,3.3
인크레더블,가족,3.8
클래식,로맨스,3.9
비포 선라이즈,로맨스,4.1
콘 에어,액션,3.7
나비 효과,SF,4.0
나쁜 녀석들,액션,3.7
나잇 & 데이,액션,3.3
사랑과 영혼,스릴러,3.8
귀신이 산다,코미디,2.9
헐크,판타지,3.2
해운대,액션,3.3
이상한 나라의 앨리스,모험,3.5
바람계곡의 나우시카,애니메이션,4.0
원스,드라마,3.9
스파이더맨 2,액션,3.7
폴리테크닉,범죄,3.5
오픈,드라마,3.2
테넷,액션,4.0
밤쉘: 세상을 바꾼 폭탄선언,드라마,3.8
쉘로우 그레이브,드라마,3.7
목격자의 밤,드라마,3.5
시간 에이전트,한국,3.0
13일의 금요일,공포,3.0
고독,범죄,3.6
폴리테크닉,범죄,3.5
오픈,드라마,3.2
테넷,액션,4.0
밤쉘: 세상을 바꾼 폭탄선언,드라마,3.8
쉘로우 그레이브,드라마,3.7
목격자의 밤,드라마,3.5
시간 에이전트,한국,3.0
13일의 금요일,공포,3.0
고독,범죄,3.6
워터 릴리스,드라마,3.6
리브 앤 다이,액션,3.4
네고시에이터,액션,3.7
몬스터,범죄,3.6
다만 악에서 구하소서,범죄,3.0
써로게이트,SF,3.3
다이 하드 2,액션,3.8
기호 1번 나청렴,애니메이션,2.7
페인티드 버드,전쟁,3.4
강철비2: 정상회담,드라마,2.8
소년 아메드,드라마,3.6
서울역,애니메이션,2.9
반도,액션,2.7
언더월드,액션,3.4
다이 하드,액션,4.0
굿나잇 디어,덴마크,2.2
최첨단 편집 - 영화 편집의 마술,다큐멘터리,3.8
한심해서 죄송합니다.,애니메이션,3.3
네 멋대로 해라,로맨스,3.8
우리 집에 왜 왔니,드라마,2.6
캐빈 인 더 우즈,공포,3.2
필름 소셜리즘,드라마,2.9
트랜짓,드라마,3.7
탐정,드라마,3.0
동사서독 리덕스,드라마,3.6
#살아있다,드라마,2.2
코퍼,공포,2.5
"전혀아니다,별로아니다,가끔그렇다,항상그렇다",드라마,3.5
캡틴 아메리카: 윈터 솔져,액션,4.0
만사형통,드라마,3.7
덤 앤 더머,코미디,3.6
매드 디텍티브,드라마,3.2
퍼니 게임,공포,3.2
마담 싸이코,드라마,2.9
사라진 시간,미스터리,2.8
버스 44,드라마,3.2
물 뿌리는 자와 물 맞은 자,코미디,3.4
국외자들,드라마,3.9
애프터눈 클래스,애니메이션,3.6
결백,드라마,2.9
Da 5 블러드,드라마,3.1
라디오헤드: 데이드리밍,단편,3.6
전망 좋은 방,드라마,3.5
미치광이 피에로,로맨스,3.8
비밀은 없다,스릴러,3.3
소셜 네트워크,드라마,3.5
데스티네이션,공포,3.4
닥터 슬립,공포,3.3
프랑스여자,드라마,3.2
더 라스트 블랙 맨 인 샌프란시스코,드라마,3.4
침입자,미스터리,2.4
리지,범죄,3.2
동갑내기 과외하기,로맨틱코미디,3.0
멋진 인생,드라마,3.8
똑바로 살아라,범죄,3.6
버드 카르마,애니메이션,2.8
욕망,드라마,3.9
연금술사의 편지,판타지,3.4
배고픈 사람?,애니메이션,3.0
꿈과 광기의 왕국,다큐멘터리,3.7
해피니스,애니메이션,3.4
매그놀리아,드라마,3.9
런치 데이트,미국,3.6
블루 벨벳,로맨스,3.6
단지 세상의 끝,드라마,3.3
와일드 구스 레이크,범죄,3.2
게르트루드,드라마,4.0
블레이드 II,판타지,3.5
님포매니악 볼륨2,드라마,3.3
마더,드라마,3.6
종이의 집: 신드롬이 된 드라마,다큐멘터리,3.5
대리석 인간,드라마,3.8
서브마린 샌드위치,애니메이션,3.5
카페 벨에포크,코미디,3.6
김군,다큐멘터리,3.8
미드웨이 해전,다큐멘터리,3.0
말을 잡아라!,애니메이션,3.4
둠스데이 - 지구 최후의 날,재난,2.6
곰돌이 푸의 모험,가족,3.8
캣츠,공연실황,3.9
적과 백,전쟁,3.7
오퍼나지 - 비밀의 계단,공포,3.3
알파벳,애니메이션,3.2
호신술의 모든 것,스포츠,3.4
여섯개의 형상들,애니메이션,2.8
리차드 쥬얼,드라마,3.5
한가지 문제의 두가지 해답,이란,3.2
더 히어로,드라마,3.8
빵과 골목길,이란,3.5
청소부 톰,애니메이션,2.7
더 카워드,로맨스,3.6
올리브 나무 사이로,드라마,3.8
아버지와 딸,애니메이션,3.8
팅커 테일러 솔저 스파이,드라마,3.6
사이드 바이 사이드,다큐멘터리,3.7
그을린 사랑,드라마,4.0
릴로 & 스티치,애니메이션,3.6
얼라이드,액션,3.6
그리고 삶은 계속된다,모험,3.9
더 플랫폼,공포,3.3
구름 조금,판타지,4.0
칩 스릴,스릴러,3.2
더 뮤직 룸,드라마,4.0
레미제라블 25주년 런던 라이브 공연,드라마,4.3
우리 선희,드라마,3.5
다음 층,드라마,3.7
내 친구의 집은 어디인가,드라마,3.8
아 유 로스트 인 더 월드 라이크 미?,애니메이션,3.1
퍼스널 쇼퍼,드라마,3.4
베니스에서의 어린이 자동차 경주,코미디,2.9
우익청년 윤성호,다큐멘터리,3.4
인시앙,드라마,3.7
구멍,대만,3.6
더 게임,드라마,3.6
카고,드라마,3.9
레이니 데이 인 뉴욕,코미디,3.3
잘려진 머리,드라마,3.5
패왕별희,드라마,4.0
링컨,드라마,3.4
카우치,코미디,2.5
대한민국 1%,드라마,2.0
로마의 휴일,로맨스,4.0
레이어 케이크,액션,3.2
테이크 쉘터,드라마,3.7
씨클로,드라마,3.4
두들버그,판타지,3.3
이웃,로맨스,3.7
차이나타운,드라마,3.8
톰보이,드라마,3.8
뜨거운 오후,범죄,3.8
익스트랙션,액션,3.1
엘 토포,서부극,3.5
아일랜드,스릴러,3.7
칼리토,범죄,3.9
사냥의 시간,스릴러,2.5
피아노,드라마,3.7
레지던트 이블,액션,3.7
시카고,코미디,3.8
영웅본색 2,범죄,3.9
스코어: 영화음악의 모든 것,다큐멘터리,3.8
벨벳 골드마인,음악,3.7
담배와 커피,드라마,3.5
숏버스,로맨틱코미디,3.0
러시 아워,액션,3.6
버티칼 리미트,액션,3.5
인비저블맨,공포,3.2
로마로 가는 길,다큐멘터리,3.5
내 남자친구의 결혼식,로맨틱코미디,3.4
필립 모리스,코미디,3.4
127 시간,드라마,3.4
빈센트,애니메이션,3.6
영웅본색,액션,3.9
마고리엄의 장난감 백화점,코미디,3.1
잭은 무슨 짓을 했는가?,단편,2.5
에드 우드,코미디,3.6
이매진,단편,3.1
탱고,애니메이션,3.7
좋은 친구들,드라마,4.0
노팅 힐,로맨스,4.0
쏘리 투 보더 유,SF,3.3
쥬라기 공원 3,스릴러,3.4
빈,코미디,3.5
울지마 톤즈,다큐멘터리,3.7
퀴즈왕,코미디,2.6
진실 혹은 대담,프랑스,3.5
강시선생,액션,3.2
사랑에 관한 짧은 필름,드라마,3.7
히트,액션,3.9
빅 쉐이브,공포,3.0
극장판 짱구는 못말려 9기: 어른 제국의 역습,애니메이션,4.1
유령 작가,드라마,3.1
사랑은 존재한다,다큐멘터리,3.5
슬럼독 밀리어네어,드라마,3.9
파리 이즈 버닝,다큐멘터리,3.9
다크 워터스,드라마,3.5
모나리자,일본,2.8
왓치맨,액션,3.4
빈폴,드라마,3.3
맨하탄 살인사건,코미디,3.7
찬실이는 복도 많지,드라마,3.6
찰리 윌슨의 전쟁,드라마,2.9
트레이닝 데이,범죄,3.6
실버라이닝 플레이북,코미디,3.7
상하이,범죄,2.7
마이애미 바이스,액션,3.1
12 몽키즈,미스터리,3.7
샤인,드라마,3.8
스내치,코미디,3.7
폴리스 스토리 2014,액션,3.0
젠틀맨,범죄,3.5
록 스탁 앤 투 스모킹 배럴즈,코미디,3.9
어리석은,미국,3.1
더 쓰리 알즈,오스트리아,3.0
작가 미상,역사,3.9
아메리칸 사이코,범죄,3.7
제3의 사나이,미스터리,3.7
지푸라기라도 잡고 싶은 짐승들,스릴러,3.3
몰락한 우상,범죄,3.7
남극일기,미스터리,2.7
데칼로그 4,드라마,3.7
데칼로그 3,드라마,3.4
데칼로그 2 ,드라마,3.7
데칼로그 1,드라마,4.0
데칼로그 8,드라마,3.5
데칼로그 7,드라마,3.6
데칼로그 10,드라마,3.8
데칼로그 9,드라마,3.6
문신을 한 신부님,드라마,3.6
졸업,코미디,3.8
디어 바스켓볼,애니메이션,3.3
헤어 러브,가족,3.2
1917,드라마,4.2
작은 아씨들,드라마,4.0
벌거벗은 유년 시절,드라마,3.9
주디,드라마,3.4
조조 래빗,코미디,4.0
버즈 오브 프레이: 할리 퀸의 황홀한 해방,액션,3.1
언스토퍼블,액션,3.3
사마에게,다큐멘터리,4.2
일라이,액션,3.2
언컷 젬스,코미디,3.8
페인 앤 글로리,드라마,3.8
사탄의 태양 아래서,드라마,3.5
나쁜 녀석들 : 포에버,액션,2.9
그녀에게,드라마,3.8
블랙매스,드라마,3.1
간첩,드라마,2.9
남산의 부장들,드라마,3.5
남쪽,스페인,4.0
보랏 - 카자흐스탄 킹카의 미국 문화 빨아들이기,코미디,3.2
위플래쉬 (단편),드라마,4.0
타오르는 여인의 초상,드라마,4.2
해안선,액션,2.8
나의 어머니,가족,2.8
블루,단편,3.5
신의 은총으로,범죄,3.5
플레이어,드라마,3.6
마미,드라마,3.8
부재의 기억,다큐멘터리,3.7
피에타,드라마,3.1
어거스트 러쉬,드라마,3.9
하모니,드라마,3.6
다이 하드 4.0,액션,3.6
태풍,드라마,2.5
그물,드라마,3.2
스타워즈: 라이즈 오브 스카이워커,액션,2.9
메리에겐 뭔가 특별한 것이 있다,로맨틱코미디,3.4
덤 앤 더머 투,코미디,2.9
그들의 첫번째 영화,다큐멘터리,3.6
암흑가의 세 사람,범죄,3.5
"나, 다니엘 블레이크",드라마,4.1
유아 낫 유,드라마,3.4
섹스 앤 더 시티,코미디,3.4
선생 김봉두,드라마,3.2
차형사,액션,2.8
앨빈과 슈퍼밴드 2,애니메이션,3.3
라스트 갓파더,코미디,1.7
"미안해요, 리키",드라마,4.0
천문: 하늘에 묻는다,시대극,3.1
와일드라이프,드라마,3.4
도원경,드라마,3.6
좀비랜드: 더블 탭,액션,3.3
레이디 이브,코미디,4.0
사탄의 베이비시터,스릴러,2.9
메멘토,미스터리,4.1
솔로이스트,음악,3.3
설리반의 여행,로맨틱코미디,3.7
팜 비치 스토리,미국,3.5
바쁜 날,코미디,2.6
아무도 모른다,드라마,4.0
굿나잇 앤 굿럭,드라마,3.7
매드 맥스,액션,3.4
정복 영웅의 환영,미국,3.5
비디오드롬,공포,3.5
당신보다 그것이 좋아,미국,3.5
히로시마 내 사랑,로맨스,3.4
아이리시맨을 말하다,다큐멘터리,3.5
엘리펀트,범죄,3.5
스트리트댄스,로맨스,3.3
19곰 테드 2,코미디,3.0
무적자,드라마,2.3
피아노 치는 대통령,로맨틱코미디,2.4
블랙,드라마,3.7
위커 맨,공포,3.7
데칼로그 5,드라마,3.9
파비안느에 관한 진실,드라마,3.5
시트콤,드라마,3.5
포드 V 페라리,액션,4.0
나이브스 아웃,코미디,3.9
파커,액션,3.1
허슬러,범죄,3.0
컨테이젼,재난,3.4
레디 오어 낫,공포,3.1
소나기,드라마,3.5
로미오: 눈을 가진 죄,단편,3.5
소매치기,로맨스,3.6
나를 찾아줘,드라마,2.6
안녕하세요,코미디,4.1
애드 아스트라,SF,3.5
코끼리는 그 곳에 있어,드라마,3.9
블랙머니,범죄,3.0
아이리시맨,범죄,3.9
아키라,애니메이션,3.8
엔더스 게임,액션,3.2
타이페이 스토리,드라마,3.7
모리스,드라마,3.6
카메라를 멈추면 안 돼!,코미디,3.8
비정성시,드라마,4.0
신과함께-인과 연,드라마,3.4
파프리카,SF,3.6
뱀파이어에 관한 아주 특별한 다큐멘터리,코미디,3.7
독전: 익스텐디드 컷,범죄,3.7
오디션,공포,3.3
스탠 바이 미,모험,3.8
쿠엔틴 타란티노 8,다큐멘터리,3.4
아이다호,드라마,3.7
강아지 똥,판타지,3.6
레미제라블,드라마,4.0
주글래 살래,액션,0.8
경계선,범죄,3.7
메기,코미디,3.8
블러드 심플,범죄,3.7
죽거나 혹은 나쁘거나,액션,3.5
트루 시크릿,코미디,3.3
브레이킹 배드 무비: 엘 카미노,드라마,3.5
미이라 2,액션,3.3
결혼 이야기,코미디,4.0
퍼스트 러브,액션,3.0
버티고,드라마,2.5
배신자,드라마,3.2
시너님스,드라마,3.3
사망유희 디 오리지널,액션,3.6
이탈리아 여행,드라마,3.8
조커,스릴러,3.9
코미디의 왕,드라마,4.0
미드 90,코미디,3.6
불청객,판타지,2.9
강적,스릴러,2.4
검은 집,스릴러,3.0
쿵 퓨리,액션,3.5
슈퍼맨,SF,3.6
원스 어폰 어 타임... 인 할리우드,코미디,3.7
눈싸움,다큐멘터리,3.2
걸스온탑,가족,3.5
언더 더 실버 레이크,범죄,3.2
겜블러,드라마,2.9
로프,범죄,3.8
오만과 편견 그리고 좀비,액션,2.7
만추,로맨스,3.3
위 오운 더 나잇,범죄,3.2
로슈포르의 숙녀들,코미디,3.8
타짜: 원 아이드 잭,범죄,2.6
도심 속의 방,드라마,3.4
캐리,공포,3.5
더 로드,드라마,3.5
그것: 두 번째 이야기,공포,2.9
그것,스릴러,3.0
유열의 음악앨범,로맨스,2.9
칼리가리 박사의 밀실,공포,3.7
모던 보이,로맨스,2.8
교차로의 밤,범죄,3.6
미지의 여인에게서 온 편지,드라마,3.8
벌새,드라마,3.9
쉘부르의 우산,드라마,3.7
우리집,드라마,3.8
파란 우산,애니메이션,3.6
오직 사랑하는 이들만이 살아남는다,드라마,3.5
디저트,드라마,3.1
지상의 밤,코미디,4.0
커피와 담배 3,미국,3.7
커피와 담배 2,미국,3.2
커피와 담배,드라마,3.7
롤라,드라마,3.6
지구 최후의 밤,드라마,3.7
런어웨이,애니메이션,3.3
살인의 낙인,액션,3.7
인간,애니메이션,3.6
인 더 폴,애니메이션,3.4
워,액션,3.0
정무문,액션,3.6
뜨거운 것이 좋아,드라마,2.6
엑시트,코미디,3.7
"아귀레, 신의 분노",액션,3.6
데드 돈 다이,코미디,2.8
누구나 아는 비밀,스릴러,3.3
돈,드라마,4.1
로스트 인 더스트,액션,3.8
낭트의 자코,드라마,4.2
돈 워리,드라마,3.2
내 어머니의 모든 것,드라마,3.8
일주일,코미디,3.8
공룡 거티,애니메이션,3.3
빌 스트리트가 말할 수 있다면,로맨스,3.4
생산적 활동,다큐멘터리,4.0
Les fiancés du pont Mac Donald ou ,로맨스,3.3
허트 로커,드라마,3.8
정원사,다큐멘터리,3.5
벽의 해체,다큐멘터리,3.4
아내가 결혼했다,드라마,3.2
감각의 제국,드라마,2.8
이웃집 남자,드라마,2.9
전함 포템킨,드라마,3.5
써커 펀치,판타지,2.4
프레데터스,액션,3.0
지구가 멈추는 날,드라마,2.7
아마겟돈,SF,3.8
언록킹 셜록,다큐멘터리,4.1
공공의 적 2,범죄,3.3
쌍화점,시대극,2.8
은하철도 999 - 극장판,애니메이션,3.7
배우는 배우다,드라마,2.7
랭고,애니메이션,3.0
오멘,공포,3.6
집시의 시간,드라마,4.1
톰과 제리,애니메이션,3.8
나탈리,로맨스,1.5
동경 방랑자,액션,3.7
이블 데드,공포,3.5
채식주의자,드라마,2.2
시라노; 연애조작단,로맨틱코미디,3.3
미니언즈,애니메이션,3.5
리틀 포레스트,드라마,3.9
마이웨이,드라마,2.9
쉬리,액션,3.7
점쟁이들,공포,2.5
미드소마,드라마,3.3
폴라로이드 작동법,단편,3.4
스파이더맨: 파 프롬 홈,액션,3.6
황해,스릴러,3.7
파이퍼,애니메이션,3.9
장군의 아들 3,액션,3.0
장군의 아들 2,액션,3.1
스릴러,공포,3.8
보디 우먼,드라마,3.4
마음이 2,코미디,3.3
타잔,애니메이션,3.6
노틀담의 꼽추,애니메이션,3.6
신데렐라,애니메이션,3.7
컴 투게더,코미디,3.6
항구를 떠나는 보트,다큐멘터리,3.1
몸 값,단편,3.9
아니마,드라마,3.2
추하고 더럽고 미천한,드라마,3.7
롱 키스 굿나잇,액션,3.3
쁘띠 아만다,드라마,3.5
성룡의 신주쿠 살인사건,범죄,2.9
우리 동네,스릴러,2.8
판타스틱 4,액션,3.2
비브르 사 비,드라마,3.7
사랑과 경멸,드라마,3.7
억압받는 다수,드라마,4.0
카메라맨,로맨스,4.1
토이 스토리 4,애니메이션,3.9
낮술,코미디,3.4
해피 피트 2,애니메이션,3.4
인사동 스캔들,범죄,3.1
설계,스릴러,1.7
400번의 구타,범죄,3.8
피고 13,코미디,3.3
해피엔드,드라마,3.4
베니스 70 : 미래 재장전,다큐멘터리,3.3
아무르,드라마,3.9
인 더 파크,미국,2.8
제물,코미디,3.6
의식,스릴러,3.9
새벽의 뉴욕열차,미국,3.6
오후의 그물,스릴러,3.7
이별을 받아들이는 다섯 단계,로맨스,2.6
머리 없는 사나이,판타지,3.6
존 윅 3: 파라벨룸,액션,3.4
좀비랜드,모험,3.5
살인의 막장,공포,3.3
피터 팬,애니메이션,3.7
컨버세이션,범죄,3.8
달,애니메이션,4.2
죠스,공포,3.5
한반도,액션,2.8
물 이야기,프랑스,3.2
구르믈 버서난 달처럼,시대극,3.0
취화선,시대극,3.3
어깨너머의 연인 ,드라마,2.3
글로리아 벨,드라마,3.2
벅스 라이프,애니메이션,3.6
야수,드라마,3.8
권태의 실험실,공포,3.1
사도,시대극,3.7
낮과 밤,애니메이션,3.9
샤를로뜨와 그녀의 쥘,드라마,3.4
대열차 강도,범죄,3.3
아이들...,드라마,3.0
영화판,다큐멘터리,2.6
기생충,드라마,4.3
행복한 라짜로,드라마,3.8
필사의 추적,스릴러,3.8
다운사이징,SF,2.6
황비홍-천하무인,액션,3.6
블라인드 사이드,드라마,4.0
지난 해 마리앙바드에서,공포,3.8
공장 노동자들의 퇴근,다큐멘터리,3.4
펀치 드렁크 러브,코미디,3.7
원 나잇 스탠드,드라마,2.2
엑소시스트,공포,3.5
애나벨,공포,2.7
적선지대,드라마,3.9
무쉐뜨,드라마,3.9
빨간 풍선,판타지,3.9
밤과 안개,다큐멘터리,3.8
악인전,범죄,3.1
어머니와 아들,드라마,4.0
세계의 심장,판타지,3.5
완벽한 도미 요리,드라마,3.5
닥터 스트레인지러브,코미디,3.9
카포티,범죄,3.6
미성년,드라마,3.7
방파제,드라마,4.1
불안은 영혼을 잠식한다,로맨스,3.8
서스페리아,판타지,3.4
카이로의 붉은 장미,코미디,3.9
어벤져스: 엔드게임,액션,4.2
백일염화,드라마,3.4
엽기적인 그녀,드라마,3.8
에이 아이,모험,4.0
러브리스,드라마,3.6
쏘우 - 여섯 번의 기회,공포,3.2
기생수 파트1,SF,3.3
옹박: 더 레전드,액션,2.8
붉은 돼지,판타지,3.6
사랑과 영혼,스릴러,3.8
스탈린이 죽었다!,코미디,3.7
바이스,코미디,3.7
행복,드라마,3.9
행잉록에서의 소풍,드라마,3.7
이장호의 외인구단,스포츠,2.9
어스,공포,3.3
박하사탕,드라마,3.7
더 길티,범죄,3.5
엠파이어,다큐멘터리,2.1
가까이서 본 기차,전쟁,3.6
녹색 광선,로맨스,3.8
겨울 빛,드라마,3.9
아사코,드라마,3.6
젠 엑스 캅,드라마,2.3
용형호제,액션,3.7
프로젝트 A,액션,3.7
라스트 미션,범죄,3.5
더 도어,드라마,3.5
우상,스릴러,2.8
누명 쓴 사나이,범죄,3.6
작전명 발키리,드라마,3.3
"10,000 BC",드라마,2.7
아버지의 깃발,전쟁,3.5
가타카,SF,4.0
타임 투 킬,드라마,3.5
오블리비언,액션,3.5
질투,드라마,3.3
우나기,드라마,3.5
알파고,다큐멘터리,3.8
자유의 이차선,드라마,3.7
클레어의 카메라,드라마,3.2
해리의 소동,스릴러,3.4
크리드 2,액션,3.2
어둠 속의 댄서,범죄,3.8
시스터스,공포,3.7
매치스틱 맨,드라마,3.6
방콕 데인저러스,액션,2.3
내셔널 트레져,액션,3.4
사냥꾼의 밤,범죄,3.9
인비저블 게스트,범죄,3.9
셰임,드라마,3.5
플라이 대디,드라마,2.4
퍼스트 리폼드,드라마,3.6
퀸 - 우리의 나날들,다큐멘터리,4.1
엘 시크레토: 비밀의 눈동자,로맨스,3.8
CCTV : 은밀한 시선,스릴러,2.2
배드 캅,드라마,3.8
셜록 2세,코미디,4.1
트럭,스릴러,2.8
불꽃처럼 나비처럼,시대극,2.7
22 점프 스트리트,범죄,3.5
사바하,미스터리,3.2
한공주,드라마,3.7
죽여줘! 제니퍼,코미디,2.2
21 점프 스트리트,범죄,3.5
달콤한 인생,드라마,3.8
007 카지노 로얄,액션,3.8
안티크라이스트,드라마,3.5
시리어스 맨,드라마,3.7
선셋 대로,드라마,4.0
콜드 워,드라마,3.9
더 페이버릿: 여왕의 여자,드라마,3.9
아메리칸 히스토리 X,드라마,3.9
그녀는 날 싫어해,드라마,2.4
스파이더맨: 뉴 유니버스,애니메이션,4.0
쉰들러 리스트,드라마,4.2
더 와이프,드라마,3.5
벨벳 버즈소,공포,2.5
알리타: 배틀 엔젤,액션,3.4
디스 이즈 디 엔드,코미디,3.2
택시,코미디,3.7
길소뜸,드라마,3.5
안달루시아의 개,판타지,3.4
인 더 섀도우 오브 우먼,드라마,3.4
하드코어 헨리,액션,3.0
살인마 잭의 집,범죄,3.4
가버나움,드라마,4.3
빽 투 더 퓨쳐,모험,4.0
톰과 제리,가족,3.8
극한직업,코미디,3.9
싸인,SF,3.1
가디언의 전설,판타지,3.2
히트맨,액션,3.2
이창,미스터리,3.9
굿타임,스릴러,3.5
브루스 올마이티,드라마,3.8
스패로우,액션,3.3
살인자의 기억법: 새로운 기억,스릴러,3.2
"안녕, 용문객잔",드라마,4.0
101마리의 달마시안 개,가족,3.7
철남,공포,3.5
마약전쟁,드라마,3.3
해프닝,미스터리,3.0
글래스,드라마,3.3
삼인행: 생존 게임,액션,2.6
2001 스페이스 오디세이,SF,4.0
다크 시티,SF,3.6
공각기동대,애니메이션,3.9
클로이,드라마,3.2
피라냐,코미디,2.6
재키 브라운,범죄,3.6
극락도 살인사건,스릴러,2.9
우리 생애 최고의 순간,드라마,3.4
적인걸: 측천무후의 비밀,액션,3.1
투캅스,범죄,3.3
부탁 하나만 들어줘,범죄,3.5
S테이프,코미디,2.6
23 아이덴티티,공포,3.4
시계태엽 오렌지,범죄,3.9
개들의 섬,코미디,3.5
인 디 아일,드라마,3.8
나 홀로 집에 3,코미디,3.3
PMC: 더 벙커,액션,2.7
007 스카이폴,액션,3.8
그때 그사람들,코미디,3.3
마약왕,범죄,2.6
지구,다큐멘터리,3.6
카 2,애니메이션,3.1
로마,드라마,4.1
붙어야 산다,코미디,3.1
그린 북,코미디,4.2
레토,음악,3.7
브로크백 마운틴,드라마,3.8
죄 많은 소녀,드라마,3.8
무서운 영화 4,코미디,3.1
무서운 영화,공포,3.0
총알탄 사나이,액션,3.4
황진이,시대극,2.4
블랙클랜스맨,범죄,3.6
완벽한 타인,코미디,3.7
식객: 김치전쟁,드라마,2.6
이웃집 토토로,판타지,4.0
큐어,범죄,4.0
귀향,코미디,3.8
맘마미아!,코미디,3.8
간기남,스릴러,2.6
페임,코미디,3.2
하녀,스릴러,3.2
페르세폴리스,애니메이션,3.9
경의선,로맨스,2.7
007 북경특급,액션,3.5
오세암,애니메이션,3.7
카우보이의 노래,코미디,3.8
볼트,애니메이션,3.3
트루먼 쇼,드라마,4.2
작전,범죄,3.3
제7의 봉인,드라마,3.8
사라방드,스웨덴,3.7
도쿄 소나타,드라마,3.7
롤라 런,범죄,3.4
라쇼몽,드라마,3.8
퀸 락 몬트리올,음악,4.1
보헤미안 랩소디,드라마,3.9
풀잎들,드라마,3.5
오션스 13,범죄,3.7
로빈 후드,액션,3.2
슈퍼배드,애니메이션,3.8
풍산개,드라마,2.9
파르나서스 박사의 상상극장,모험,3.0
퍼스트 맨,드라마,3.6
제너럴,전쟁,3.8
킬러들의 도시,드라마,3.4
케이프 피어,공포,3.5
더 문,SF,3.7
번 애프터 리딩,드라마,3.4
암수살인,범죄,3.5
스타 이즈 본,로맨스,3.6
오션스 트웰브,범죄,3.6
다른나라에서,드라마,3.3
오션스 일레븐,범죄,3.8
80일간의 세계일주,액션,3.1
이민자,드라마,3.6
8 마일,음악,3.7
안시성,시대극,3.1
태극권,코미디,3.5
쿵후 프리즌,액션,3.2
워터프론트,드라마,3.6
동네사람들,액션,2.5
우리들의 일그러진 영웅,드라마,3.5
성냥공장 소녀,드라마,3.8
열차 안의 낯선 자들,범죄,3.8
무서운 이야기,공포,2.7
걸리버 여행기,모험,2.9
해피 피트,애니메이션,3.5
고령가 소년 살인사건,드라마,4.1
그린 호넷,액션,2.4
코요테 어글리,드라마,3.7
포비든 킹덤 - 전설의 마스터를 찾아서,액션,2.7
이연걸의 히트맨,스릴러,3.0
인디아나 존스: 마궁의 사원,액션,3.9
인디아나 존스 - 최후의 성전,판타지,3.9
이다,드라마,3.8
여배우,드라마,3.4
최고의 감독,드라마,3.3
콜 미 바이 유어 네임,드라마,4.0
마다가스카 2,애니메이션,3.5
하치 이야기,드라마,3.6
토니 타키타니,드라마,3.8
캥거루 잭,코미디,2.6
인디펜던스 데이,SF,3.6
미녀 삼총사 2 - 맥시멈 스피드,액션,3.3
주온 2 오리지널,공포,3.1
링,공포,3.1
이티,가족,3.9
워낭소리,다큐멘터리,3.4
퀸카로 살아남는 법,로맨틱코미디,3.6
스텝 업,드라마,3.7
붉은 바캉스 검은 웨딩,드라마,1.6
트론: 새로운 시작,액션,3.1
수퍼맨 리턴즈,판타지,3.1
엑스페리먼트,스릴러,3.5
클릭,코미디,3.4
서치,드라마,3.8
폭력의 역사,범죄,3.7
공자춘추전국시대 감독판,전쟁,2.7
슬램덩크 극장판,스포츠,3.2
바빌론 A.D.,액션,2.5
헐크,판타지,3.2
스피드,액션,3.9
알라딘,애니메이션,3.9
사탄의 인형,공포,3.2
뻐꾸기 둥지 위로 날아간 새,범죄,4.1
지금은맞고그때는틀리다,드라마,3.4
50대50,드라마,3.2
꿀벌 대소동,애니메이션,3.2
대사건,액션,3.3
컨페션,코미디,3.0
정무문 : 100대 1의 전설,액션,3.4
싸이코,공포,4.0
로크,드라마,3.4
라스트 에어벤더,액션,2.2
세븐 싸이코패스,코미디,3.4
페티쉬,스릴러,2.1
반가운 살인자,스릴러,2.5
도둑들 영화를 만들다,다큐멘터리,3.7
야마카시,액션,3.2
살인에 관한 짧은 필름,범죄,3.7
메달리온,액션,2.7
미녀와 야수,애니메이션,4.0
백설공주와 일곱 난쟁이,애니메이션,3.7
미션 임파서블 2,액션,3.6
착신아리,공포,2.7
익사일,범죄,3.3
장고: 분노의 추적자,서부극,3.9
흑사회 2,범죄,3.6
흑사회,범죄,3.5
서칭 포 슈가맨,음악,3.9
천녀유혼,액션,3.8
복면달호,코미디,2.9
북북서로 진로를 돌려라,로맨스,3.8
"4개월, 3주... 그리고 2일",드라마,3.8
레지던트 이블 5 : 최후의 심판,SF,3.2
유령 신부,판타지,3.6
싸움,코미디,2.1
용의주도 미스 신,로맨틱코미디,2.2
오페라의 유령,로맨스,3.8
헬보이,액션,3.3
오즈의 마법사,판타지,3.7
19곰 테드,판타지,3.3
미스터 & 미세스 스미스,액션,3.6
들어는 봤니? 모건 부부,드라마,2.8
파라노말 액티비티,공포,3.1
"나니아 연대기 - 사자, 마녀 그리고 옷장",모험,3.7
인어 공주,애니메이션,4.0
천국보다 낯선,코미디,3.9
파이터,드라마,3.7
이태원 살인사건,범죄,2.6
콜래트럴,스릴러,3.5
언브레이커블,드라마,3.4
악마가 너의 죽음을 알기 전에,드라마,3.7
인랑,액션,2.1
타인의 삶,스릴러,4.0
스튜어트 리틀,모험,3.6
공작,드라마,3.5
스타트렉: 더 비기닝,액션,3.8
장기수 브론슨의 고백,액션,3.3
미션 임파서블,액션,4.0
랜드 오브 마인,전쟁,3.9
원더풀 라이프,판타지,3.9
아이 엠 러브,가족,3.8
알 포인트,공포,3.3
어느 가족,범죄,4.1
미션 임파서블: 폴아웃,액션,3.7
사이비,애니메이션,3.6
에이리언,공포,3.9
인랑,스릴러,3.4
맨 인 블랙 2,SF,3.7
우주전쟁,모험,3.4
씬 시티: 다크히어로의 부활,액션,3.2
스네이크 아이즈,범죄,3.1
하나 그리고 둘,드라마,4.1
차이나타운,범죄,3.1
킬링 디어,드라마,3.8
아직 끝나지 않았다,드라마,3.8
마녀,액션,3.4
대호,역사,3.0
더 랍스터,코미디,3.7
유전,드라마,3.5
드래곤볼 에볼루션,액션,1.2
디트로이트,범죄,3.7
프란시스 하,코미디,3.7
빌리 엘리어트 뮤지컬 라이브,코미디,4.1
게이머,SF,3.0
여배우들,드라마,2.7
사랑도 통역이 되나요?,드라마,3.5
미트 페어런츠,코미디,3.3
현기증,스릴러,4.0
풀 메탈 자켓,전쟁,3.8
독전,범죄,3.6
도니 브래스코,범죄,3.8
사울의 아들,드라마,3.8
세 번째 살인,스릴러,3.6
버닝,스릴러,3.4
그랜 토리노,범죄,3.9
콘스탄틴,판타지,3.9
데드풀 2,액션,3.7
다우트,드라마,3.9
멜랑콜리아,드라마,3.8
초록물고기,범죄,3.6
황후화,액션,3.2
아비정전,범죄,3.8
어벤져스: 인피니티 워,액션,4.1
너는 여기에 없었다,범죄,3.6
콰이어트 플레이스,공포,3.4
희망에 빠진 남자들,로맨틱코미디,3.0
스페이스 침스 : 우주선을 찾아서,애니메이션,2.6
곤지암,공포,2.9
"아이, 토냐",드라마,3.5
레디 플레이어 원,액션,3.7
샤이닝,공포,3.9
레이더스,모험,4.0
파이널 데스티네이션 4,판타지,3.0
7년의 밤,스릴러,2.4
고사: 피의 중간고사,공포,2.2
스카이라인,액션,2.5
매그니피센트 7,모험,3.2
쥬라기 공원 2: 잃어버린 세계,공포,3.6
로건 럭키,범죄,3.3
오싹한 연애,공포,3.2
플로리다 프로젝트,드라마,4.0
스시 장인: 지로의 꿈,다큐멘터리,3.6
쓰리 빌보드,범죄,4.0
블랙 팬서,액션,3.5
팬텀 스레드,로맨스,4.0
셰이프 오브 워터: 사랑의 모양,모험,3.9
서유기 리턴즈,액션,1.8
에너미 앳 더 게이트,전쟁,4.0
일본 침몰,재난,2.2
볼케이노,액션,3.5
더 포스트,스릴러,4.0
골든슬럼버,범죄,2.5
소수의견,드라마,3.4
펭귄 - 위대한 모험,다큐멘터리,3.7
올 더 머니,범죄,3.4
그것만이 내 세상,드라마,3.6
메이즈 러너: 데스 큐어,SF,3.3
페이퍼맨,애니메이션,4.1
올라프의 겨울왕국 어드벤처,애니메이션,3.2
코코,애니메이션,4.0
쿵푸 덩크,스포츠,2.4
피아니스트,드라마,4.1
보이후드,드라마,3.9
아빠의 검,드라마,2.3
거미맨,판타지,1.9
양양,드라마,2.3
파미르,드라마,2.9
아랫집,드라마,3.5
랄라랜드,드라마,2.8
보금자리,스릴러,3.3
숲 속의 아이,판타지,2.5
라라라,드라마,3.0
그대 없이는 못 살아,드라마,3.1
스파이 브릿지,드라마,3.7
홀리 모터스,드라마,3.6
그녀,드라마,3.9
토니 에드만,코미디,3.8
쿨 러닝,드라마,3.8
미인도,로맨스,2.7
패터슨,드라마,3.9
신과함께-죄와 벌,판타지,3.7
1987,드라마,4.0
러브레터,로맨스,4.0
강철비,드라마,3.3
스타워즈: 라스트 제다이,액션,3.3
리미트리스,SF,3.8
지슬 - 끝나지 않은 세월2,드라마,3.8
성난 황소,스포츠,3.9
택시 드라이버,드라마,4.0
빅쇼트,드라마,3.8
퍼시잭슨과 번개 도둑,모험,3.1
록키,스포츠,3.9
친구와 연인사이,로맨틱코미디,3.3
침묵의 목격자,드라마,3.4
로그 원: 스타워즈 스토리,액션,3.6
스타워즈 에피소드 6: 제다이의 귀환,액션,4.0
더 코브: 슬픈 돌고래의 진실,다큐멘터리,3.8
슈렉 포에버,판타지,3.4
배드 티처,코미디,2.9
스타워즈 에피소드 5: 제국의 역습,SF,4.0
스타워즈 에피소드 4: 새로운 희망,SF,3.9
씨민과 나데르의 별거,드라마,4.0
내 사랑,드라마,3.8
오리엔트 특급 살인,범죄,3.1
걸어도 걸어도,가족,4.0
미스터 빈의 홀리데이,드라마,3.4
여배우는 오늘도,코미디,3.5
콜로설,액션,2.5
무법자,범죄,2.4
옥희의 영화,코미디,3.6
쥬만지,가족,3.7
시네마 천국,드라마,4.3
8인: 최후의 결사단,액션,3.0
침묵,범죄,3.1
화양연화,로맨스,4.0
577 프로젝트,다큐멘터리,2.9
아이 앰 히스 레저,다큐멘터리,3.8
영화는 영화다,액션,3.3
매혹당한 사람들,드라마,3.1
스쿨 오브 락,음악,3.8
범죄도시,범죄,3.9
마스크 오브 조로,액션,3.3
파고,범죄,3.9
배틀 로얄 3D,스릴러,2.9
스텝업 2 - 더 스트리트,로맨스,3.6
박물관이 살아있다 2,모험,3.3
방자전,드라마,3.0
평양성,드라마,2.8
라푼젤,로맨스,4.0
월드 인베이젼,액션,3.1
공모자들,액션,3.4
나의 PS 파트너,로맨스,3.2
더 울버린,액션,3.1
트랜스포머: 사라진 시대,액션,3.1
빅매치,액션,3.0
푸른소금,액션,2.6
미트 더 스파르탄,코미디,2.4
꿈의 제인,드라마,3.7
마더!,스릴러,3.4
신들의 전쟁,액션,2.8
당신과 함께한 순간들,드라마,3.7
호수의 이방인,드라마,3.7
아티스트 봉만대,코미디,2.2
플로렌스,코미디,3.3
아나콘다 2 - 사라지지 않는 저주,액션,2.7
아나콘다 4 - 피의 제전,공포,1.9
아나콘다,액션,3.1
아노말리사,드라마,3.7
미스터 고,코미디,2.7
데어 윌 비 블러드,드라마,4.1
하나비,범죄,3.7
컨저링,스릴러,3.2
토르: 천둥의 신,액션,3.7
진격의 거인-홍련의 화살-,애니메이션,3.4
샌 안드레아스,재난,3.1
퍼블릭 에너미,범죄,3.1
멀홀랜드 드라이브,스릴러,3.8
이레이저 헤드,공포,3.5
로우리스 : 나쁜 영웅들,범죄,3.4
너는 펫,로맨틱코미디,2.2
킬러스,액션,3.0
하이 스쿨 뮤지컬 2,틴에이저,3.6
나잇 & 데이,액션,3.3
집으로...,드라마,3.8
고령화가족,드라마,3.0
이상한 나라의 앨리스,모험,3.5
블러드,액션,1.8
아토믹 블론드,액션,3.4
아티스트,코미디,3.8
바시르와 왈츠를,다큐멘터리,3.8
체인질링,범죄,3.5
기술자들,범죄,2.9
피아니스트,드라마,3.6
일루셔니스트,애니메이션,3.7
블레이드 러너 2049,액션,3.7
머니볼,스포츠,3.8
블레이드 러너,SF,3.9
내 사랑 내 곁에,드라마,3.0
테이큰 2,액션,3.4
인사이드 르윈,코미디,3.7
하이 스쿨 뮤지컬,틴에이저,3.7
전설의 주먹,드라마,3.2
오페라의 유령 : 25주년 특별 공연,드라마,4.0
싱글 맨,드라마,3.7
남한산성,시대극,3.6
사랑방 손님과 어머니,로맨스,3.2
피노키오,애니메이션,3.7
애딕티드,드라마,2.1
아이 캔 스피크,드라마,3.9
람보,모험,3.5
익스펜더블,액션,3.1
윈드 리버,범죄,3.7
집행자,드라마,3.0
킹스맨: 골든 서클,액션,3.4
사랑도 흥정이 되나요?,로맨스,2.8
엘리펀트,드라마,3.8
황금나침반,판타지,3.0
바람난 가족,코미디,2.9
어 퍼펙트 데이,드라마,3.8
사냥,액션,1.8
슈렉 3,판타지,3.4
향수 - 어느 살인자의 이야기,범죄,3.7
G-포스: 기니피그 특공대,코미디,3.1
치킨 런,애니메이션,3.5
데스 노트 - L: 새로운 시작,판타지,3.0
김씨 표류기,드라마,3.4
브이아이피,드라마,2.5
툼 레이더,액션,3.3
덫,로맨스,2.0
폭렬닌자 고에몬,액션,2.4
블룸 형제 사기단,드라마,3.1
살인자의 기억법,범죄,3.3
달세계 여행,판타지,3.7
베이비 드라이버,액션,3.7
마린 보이,범죄,2.7
검우강호,액션,2.9
몬스터 콜,모험,3.7
네이든,코미디,3.5
판의 미로 - 오필리아와 세 개의 열쇠,판타지,3.7
태양의 눈물,액션,3.5
캐롤,드라마,4.0
호텔 슈발리에,로맨스,3.4
파이란,로맨스,3.7
배틀로얄,액션,2.9
아이스 에이지,애니메이션,3.6
터미네이터 3 - 라이즈 오브 더 머신,액션,3.4
약속,로맨스,3.4
내 이름은 칸,드라마,3.9
차우,공포,2.5
킬러의 보디가드,스릴러,3.7
레이디 맥베스,로맨스,3.5
님포매니악 볼륨1,드라마,3.2
범죄와의 전쟁 : 나쁜놈들 전성시대,액션,4.0
양들의 침묵,드라마,4.0
파수꾼,틴에이저,3.9
패닉 룸,드라마,3.5
밀레니엄 : 여자를 증오한 남자들,범죄,3.5
"당신, 거기 있어줄래요",판타지,3.6
혹성 탈출 1,모험,3.8
로봇,애니메이션,3.2
트레인스포팅,드라마,3.9
하울의 움직이는 성,판타지,4.2
투모로우,액션,3.6
페르시아의 왕자: 시간의 모래,액션,3.2
조디악,스릴러,3.6
펄프 픽션,범죄,4.0
노인을 위한 나라는 없다,범죄,4.0
다크 나이트,액션,4.3
문라이트,드라마,3.8
스콧 필그림,음악,3.5
분노,드라마,3.8
새벽의 황당한 저주,공포,3.4
혹성탈출: 종의 전쟁,액션,3.6
지구가 끝장 나는 날,액션,3.5
행오버,드라마,3.6
로제타,드라마,4.0
사운드 오브 뮤직,드라마,4.1
뮬란,애니메이션,3.9
로우,드라마,3.6
아들,가족,4.1
내일을 위한 시간,드라마,3.8
자전거 탄 소년,드라마,3.9
역도산,드라마,2.7
아이언 자이언트,애니메이션,3.9
밤의 해변에서 혼자,드라마,3.4
블루 재스민,드라마,3.8
나 홀로 집에,가족,4.0
택시운전사,가족,4.0
자유의 언덕,드라마,3.6
박열,시대극,3.6
28일 후,드라마,3.7
해리포터와 혼혈왕자,판타지,3.7
해리포터와 불사조 기사단,판타지,3.8
해리포터와 불의 잔,판타지,3.8
해리포터와 아즈카반의 죄수,판타지,3.9
퍼스트 어벤져,액션,3.7
푸시,액션,3.2
유감스러운 도시,액션,2.5
색즉시공,코미디,2.8
군함도,액션,3.1
방탄승,액션,2.5
필스,코미디,3.4
점박이 : 한반도의 공룡3D,가족,3.1
노예 12년,역사,3.8
미행,드라마,3.8
덩케르크,역사,4.0
설국열차,SF,3.7
스티브 잡스,드라마,3.3
뉴 폴리스 스토리,액션,3.4
헝거,드라마,3.7
심판,드라마,3.7
아웃레이지 비욘드,범죄,3.4
회오리 바람,드라마,3.2
월-E,가족,4.1
신라의 달밤,액션,3.0
악녀,액션,3.1
프랭크,음악,3.4
극장판 짱구는 못말려 11기: 태풍을 부르는 영광의 불고기 로드,애니메이션,3.7
미드나잇 인 파리,코미디,3.9
바람의 파이터,드라마,3.2
옥자,드라마,3.6
울학교 이티,코미디,2.7
북극의 눈물,다큐멘터리,3.8
캣츠 앤 독스 2,코미디,2.9
아름다운 청춘,드라마,3.1
헬보이 2: 골든 아미,액션,3.3
마음이...,가족,3.6
웨딩드레스,드라마,3.4
장화신은 고양이,애니메이션,3.3
샤크,애니메이션,3.2
엘르,범죄,3.6
아이스 에이지 4: 대륙 이동설,애니메이션,3.4
토이 스토리 2,애니메이션,4.0
실미도,전쟁,3.7
웰컴 투 동막골,코미디,3.7
강철중: 공공의 적 1-1,범죄,3.5
신기전,액션,3.1
이끼,드라마,3.3
내가 살인범이다,액션,3.5
플랜맨,로맨스,3.0
방황하는 칼날,드라마,3.2
터미네이터,액션,3.9
트루 라이즈,액션,3.5
CJ7 - 장강7호,코미디,3.0
블레이드,판타지,3.6
플래닛 테러,공포,3.4
캣우먼,판타지,2.5
판타스틱 Mr. 폭스,가족,3.9
말아톤,스포츠,3.6
스텝 업 3D,로맨스,3.7
화산고,액션,2.4
체포왕,코미디,2.9
자토이치,액션,3.3
루시드 드림,스릴러,2.2
앨빈과 슈퍼밴드,애니메이션,3.4
가필드,애니메이션,3.3
취권,액션,3.7
가문의 영광 4 - 가문의 수난,코미디,2.2
적벽대전 2부 - 최후의 결전,액션,3.4
맨 인 블랙 3,액션,3.7
장군의 아들,액션,3.3
심슨 가족: 더 무비,애니메이션,3.8
보글보글 스폰지 밥,애니메이션,3.8
아스트로 보이 : 아톰의 귀환,액션,2.9
조폭 마누라 3,액션,2.3
조폭 마누라,코미디,2.7
조폭 마누라 2: 돌아온 전설,액션,2.3
돌려차기,코미디,2.1
완벽한 파트너,드라마,2.2
인크레더블 헐크,액션,3.5
비열한 거리,액션,3.6
2+2=5,드라마,3.3
열차의 도착,다큐멘터리,3.9
카,애니메이션,3.4
첩혈쌍웅,액션,3.8
적벽대전 1부 - 거대한 전쟁의 시작,액션,3.4
맨체스터 바이 더 씨,드라마,3.9
음치클리닉,로맨스,2.3
더 울프 오브 월 스트리트,범죄,3.7
그라인드하우스,공포,3.8
레버넌트: 죽음에서 돌아온 자,액션,3.7
사랑이 무서워,코미디,2.7
퍼니 게임,범죄,3.5
홀리데이,범죄,3.3
청출어람,판타지,2.7
나는 갈매기,스포츠,2.9
슈퍼스타 감사용,드라마,3.1
불한당: 나쁜 놈들의 세상,범죄,3.6
스파이더맨 3,액션,3.7
DOA,액션,2.4
키즈 리턴,범죄,3.9
캐리비안의 해적 - 블랙 펄의 저주,액션,4.0
캐리비안의 해적 - 망자의 함,스릴러,3.9
소나티네,액션,3.7
미이라,액션,3.6
워 머신,드라마,2.9
아라한 장풍대작전,코미디,3.0
미녀 삼총사,액션,3.4
옹박 : 마지막 미션,액션,2.7
옹박: 두번째 미션,액션,2.8
특별시민,드라마,3.1
블랙 호크 다운,드라마,3.8
하류인생,드라마,2.8
할로우 맨,액션,3.2
벤치워머스,코미디,2.9
소셜포비아,스릴러,3.2
우리 형,드라마,3.3
헤드,액션,2.3
토요근무,드라마,3.5
아마존의 눈물,다큐멘터리,3.6
핸드폰,스릴러,2.6
쏜다,코미디,2.5
클로저,로맨스,3.7
마파도,코미디,2.8
슈렉,애니메이션,3.7
레전드 오브 조로,액션,3.2
고질라,액션,2.9
펀치 레이디,액션,2.3
나이트 크롤러,범죄,3.7
대학살의 신,코미디,3.6
존 윅 - 리로드,범죄,3.6
목소리의 형태,애니메이션,3.8
데이비드 게일,드라마,3.9
분노의 질주: 더 세븐,스릴러,3.9
무뢰한,액션,3.2
에이리언: 커버넌트,SF,3.6
이스턴 프라미스,범죄,3.7
그림자 살인,스릴러,3.0
비긴 어게인,코미디,4.1
겟 아웃,스릴러,3.7
보안관,범죄,3.2
하녀,스릴러,2.9
가디언즈 오브 갤럭시 VOL. 2,액션,3.9
아메리칸 뷰티,드라마,3.8
누구의 딸도 아닌 해원,드라마,3.4
광복절 특사,코미디,3.1
프로메테우스,SF,3.6
진주만,액션,3.6
비우티풀,드라마,3.7
프리즌,범죄,3.3
록키 발보아,액션,3.6
우린 액션배우다,다큐멘터리,3.1
로건,액션,4.0
인디아나 존스: 크리스탈 해골의 왕국,액션,3.5
쥬라기 공원,모험,3.9
옹박 : 무에타이의 후예,액션,3.2
짝패,범죄,3.3
엑스맨 탄생: 울버린,액션,3.5
셜록 홈즈: 그림자 게임,액션,3.6
천군,시대극,2.6
김관장 대 김관장 대 김관장,액션,2.1
만남의 광장,코미디,2.8
흡혈형사 나도열,코미디,2.2
이장과 군수,코미디,2.8
파송송 계란탁,코미디,2.9
가문의 위기 - 가문의 영광 2,코미디,2.6
투사부일체,코미디,2.8
싸움의 기술,액션,3.2
슈렉 2,판타지,3.5
귀신이 산다,코미디,2.9
세상에서 가장 아름다운 이별,드라마,3.8
밀양,드라마,3.6
"장화, 홍련",공포,3.3
우리들,드라마,4.0
똥파리,드라마,3.7
싱글라이더,드라마,3.3
해빙,스릴러,2.7
사일런스,드라마,3.6
공조,액션,3.5
나 홀로 집에 2 - 뉴욕을 헤매다,가족,3.8
설리: 허드슨강의 기적,드라마,3.8
아웃레이지,드라마,3.5
카운슬러,범죄,3.0
달라스 바이어스 클럽,드라마,3.8
남자사용설명서,로맨스,2.9
캐리비안의 해적 - 세상의 끝에서,액션,3.9
아포칼립토,액션,3.7
프리즈너스,범죄,3.6
김복남 살인사건의 전말,스릴러,3.3
폭스캐처,드라마,3.8
스타트렉 다크니스,액션,3.8
셜록 홈즈,액션,3.7
에너미 오브 스테이트,액션,3.8
디 아워스,드라마,3.7
해무,드라마,3.0
빌리 엘리어트,드라마,4.1
더 리더: 책 읽어주는 남자,로맨스,3.7
모스트 원티드 맨,범죄,3.7
뜨거운 녀석들,액션,3.6
아르고,드라마,3.6
남영동1985,드라마,3.3
아메리칸 허슬,범죄,3.5
인생은 아름다워,드라마,4.4
마스터,범죄,3.5
시티 오브 갓,범죄,4.0
헤드윅,음악,4.0
더 레슬러,드라마,3.7
닥터 스트레인지,액션,3.9
맨 인 더 다크,범죄,3.4
스탠리의 도시락,코미디,3.6
쏘우,공포,3.5
마스터,드라마,3.8
"조제, 호랑이 그리고 물고기들",로맨스,3.9
핵소 고지,드라마,3.8
무간도,액션,4.1
버드맨,드라마,3.9
슬로우 웨스트,액션,3.6
메가마인드,애니메이션,3.4
더 킹,범죄,3.5
매트릭스 2 - 리로디드,SF,3.9
악마를 보았다,공포,3.8
북촌방향,드라마,3.6
컨택트,미스터리,3.9
미스틱 리버,범죄,3.7
폰 부스,범죄,3.8
베스트 오퍼,범죄,3.7
스노든,드라마,3.5
딥워터 호라이즌,액션,3.3
13구역: 얼티메이텀,액션,3.7
더 시그널,드라마,3.0
어쌔신 크리드,액션,2.4
크리드,스포츠,3.5
론 서바이버,액션,3.7
히치콕 트뤼포,다큐멘터리,3.5
밀리언 달러 베이비,드라마,3.8
늑대아이,판타지,3.9
특근,한국,2.6
여교사,드라마,2.5
라바,애니메이션,3.5
레이드 2,액션,3.4
박쥐,로맨스,3.3
드라이브,범죄,3.7
미씽: 사라진 여자,미스터리,3.5
꼬마 니콜라,키즈,3.6
동주,드라마,3.9
저수지의 개들,범죄,3.9
너의 이름은.,드라마,3.9
주토피아,모험,4.2
형,드라마,3.5
군도:민란의 시대,액션,3.2
용의자X,드라마,3.2
13 구역,액션,3.7
럭키,코미디,3.6
엘프,로맨스,3.2
점퍼,액션,3.4
가디언즈 오브 갤럭시,코미디,4.0
타이탄,액션,3.0
베스트 키드,액션,3.0
대병소장,액션,3.0
라라랜드,코미디,4.1
마스크,판타지,3.7
시카리오: 암살자의 도시,액션,3.8
판도라,드라마,2.9
미이라 3: 황제의 무덤,액션,3.0
초속 5센티미터,로맨스,3.7
신비한 동물사전,가족,3.7
제이슨 본,액션,3.6
지구를 지켜라!,코미디,3.4
글러브,드라마,3.2
박물관이 살아있다!,모험,3.4
시간을 달리는 소녀,판타지,4.1
이스케이프 플랜,액션,3.4
칠드런 오브 맨,모험,3.8
파이트 클럽,드라마,4.1
하늘에서 음식이 내린다면,애니메이션,3.4
헝거게임: 캣칭 파이어,액션,3.9
소걸아: 취권의 창시자,액션,2.8
매트릭스,판타지,4.2
데쓰 프루프,공포,3.4
수어사이드 스쿼드,SF,2.8
모노노케 히메,애니메이션,4.0
굿모닝 프레지던트,코미디,2.8
맨발의 기봉이,드라마,3.2
가문의 부활 - 가문의 영광 3,코미디,2.3
존 윅,스릴러,3.6
덕혜옹주,시대극,3.4
날아라 허동구,드라마,3.0
관능의 법칙,드라마,2.9
아수라,범죄,2.9
각설탕,드라마,3.0
토이 스토리,애니메이션,4.1
애자,드라마,3.3
파울볼,다큐멘터리,3.3
밀정,드라마,3.6
2016 무한상사 - 위기의 회사원,스릴러,2.8
언더월드: 라이칸의 반란,액션,3.3
개들의 전쟁,액션,3.0
마다가스카,애니메이션,3.6
특수본,액션,2.6
킹콩을 들다,스포츠,3.2
홍길동의 후예,액션,2.5
더 킥,스포츠,2.2
공동경비구역 JSA,드라마,3.9
평행이론,미스터리,2.8
맨발의 꿈,드라마,3.3
스토커,스릴러,3.5
파괴된 사나이,드라마,2.7
픽셀,액션,2.9
킥 애스 2: 겁 없는 녀석들,액션,3.1
삼국지: 명장 관우,액션,3.1
킥 애스: 영웅의 탄생,액션,3.5
핸콕,액션,3.4
인시디어스 3,공포,3.0
레이드 : 첫번째 습격,스릴러,3.5
달콤한 인생,액션,3.9
포화 속으로,전쟁,3.3
주유소 습격사건,액션,3.3
페이스 메이커,드라마,3.1
7광구,SF,1.7
죽이고 싶은,스릴러,2.6
즐거운 인생,음악,3.1
해바라기,드라마,3.8
마이클 조단 투 더 맥스,다큐멘터리,3.7
찰리와 초콜릿 공장,판타지,3.8
지.아이.조 - 전쟁의 서막,액션,3.1
트로이,로맨스,3.7
벼랑 위의 포뇨,애니메이션,3.7
악마는 프라다를 입는다,드라마,3.9
청담보살,코미디,2.4
육혈포 강도단,코미디,2.9
1번가의 기적,코미디,2.9
응징자,액션,2.4
시크릿,스릴러,3.0
그랜드 부다페스트 호텔,드라마,4.0
토이 스토리 3,애니메이션,4.1
태극기 휘날리며,전쟁,3.8
스파이더맨 2,액션,3.7
스파이더맨,액션,3.8
혹성탈출: 반격의 서막,액션,3.7
타이타닉,로맨스,4.3
트랜스포터 - 라스트 미션,액션,3.6
데스 레이스,액션,3.2
디파티드,스릴러,3.7
고지전,드라마,3.5
쿵푸 허슬,드라마,3.6
소림축구,스포츠,3.5
그래비티,SF,4.0
프레스티지,드라마,3.8
나우 유 씨 미 2,액션,3.8
바람과 함께 사라지다,시대극,3.2
언터처블: 1%의 우정,코미디,4.0
최종병기 활,액션,3.6
동창생,드라마,2.8
배틀쉽,액션,3.0
노잉,재난,3.0
살인의뢰,범죄,2.7
창수,드라마,2.8
터미네이터 2,액션,4.1
용서는 없다,범죄,3.3
그대를 사랑합니다,로맨스,3.7
트랜스포머: 패자의 역습,액션,3.6
맨 인 블랙,모험,3.9
나는 전설이다,모험,3.6
잃어버린 세계를 찾아서,액션,3.2
2012,SF,3.4
10억,스릴러,2.5
황산벌,코미디,3.0
친구2,드라마,2.9
방가? 방가!,코미디,3.0
식스 센스,드라마,4.1
탐정 : 더 비기닝,스릴러,3.4
닌자 어쌔신,액션,2.5
겟 썸,액션,3.5
프롬 파리 위드 러브,액션,3.1
이층의 악당,스릴러,2.9
스타워즈: 깨어난 포스,액션,3.6
몬스터 주식회사,애니메이션,4.0
트랜스포머,액션,3.9
박수건달,코미디,3.0
헬로우 고스트,코미디,3.5
블랙 스완,드라마,3.9
위험한 상견례,코미디,3.0
피끓는 청춘,드라마,3.0
반지의 제왕 : 반지 원정대,판타지,4.1
본 슈프리머시,액션,4.1
스타트렉 비욘드,모험,3.7
아이언맨 3,SF,4.1
미션 임파서블 3,액션,3.8
본 아이덴티티,액션,4.1
혹성탈출: 진화의 시작,SF,3.7
21,드라마,3.6
세븐,스릴러,4.1
해리포터와 죽음의 성물 2,판타지,3.9
니모를 찾아서,판타지,3.9
겨울왕국,모험,4.0
창,애니메이션,3.7
브이 포 벤데타,SF,3.9
터널,드라마,3.6
시실리 2km,공포,2.8
롤러코스터,코미디,2.8
조선명탐정 : 각시투구꽃의 비밀,코미디,3.3
트랜스포머 3,액션,3.5
좋은 친구들,범죄,3.0
스파이,액션,3.9
스포트라이트,드라마,4.0
7급 공무원,코미디,3.1
마당을 나온 암탉,애니메이션,3.5
라따뚜이,판타지,4.0
맨 오브 스틸,액션,3.3
나는 왕이로소이다,드라마,2.8
레드,액션,3.6
터미네이터: 미래전쟁의 시작,액션,3.5
나우 유 씨 미: 마술사기단,범죄,3.8
센과 치히로의 행방불명,판타지,4.3
더 바디,미스터리,3.3
해리포터와 죽음의 성물 1,판타지,3.8
찌라시 : 위험한 소문,범죄,3.0
국가대표,드라마,3.7
드래곤 길들이기,애니메이션,3.9
연평해전,드라마,3.5
디스터비아,범죄,3.3
하울링,범죄,2.6
식객,드라마,3.0
쿵푸팬더,애니메이션,3.7
쿵푸팬더 2,애니메이션,3.5
코리아,스포츠,3.3
분노의 질주: 언리미티드,스릴러,3.8
표적,드라마,3.2
캡틴 아메리카: 시빌 워,액션,3.9
레옹,액션,4.2
몽타주,드라마,3.3
디 워,판타지,1.9
초능력자,드라마,2.8
킹콩,액션,3.4
말죽거리 잔혹사,드라마,3.4
그놈 목소리,스릴러,3.3
소원,드라마,3.9
블라인드,스릴러,3.4
왕의 남자,드라마,3.8
퀵,액션,2.9
라이온 킹,애니메이션,4.1
내 아내의 모든 것,로맨스,3.6
더 테러 라이브,드라마,3.5
피아노의 숲,음악,3.8
타임 패러독스,액션,3.8
범죄의 재구성,범죄,3.8
돈 크라이 마미,드라마,2.3
프라이멀 피어,범죄,4.0
거북이 달린다,드라마,3.2
베리드,드라마,3.5
그놈이다,스릴러,2.8
복수는 나의 것,범죄,3.8
유주얼 서스펙트,범죄,4.2
월드워Z,액션,3.8
디 아더스,공포,3.6
아이덴티티,공포,4.0
데스 노트 - 라스트 네임,범죄,3.0
데스 노트,판타지,3.2
세븐 데이즈,스릴러,3.5
해리포터와 마법사의 돌,판타지,4.1
말할 수 없는 비밀,로맨스,4.0
쇼생크 탈출,드라마,4.4
리얼 스틸,액션,3.7
화차,스릴러,3.4
댄싱퀸,드라마,3.2
해리 포터와 비밀의 방,판타지,3.9
셜록: 유령신부,드라마,3.8
데드풀,액션,3.8
아가씨,시대극,3.8
인천상륙작전,전쟁,2.8
오펀: 천사의 비밀,공포,3.5
의뢰인,스릴러,3.5
허삼관,드라마,3.0
집으로 가는 길,드라마,3.6
검은 사제들,스릴러,3.6
괴물,스릴러,3.8
악의 연대기,액션,3.2
남자가 사랑할 때,드라마,3.5
끝까지 간다,범죄,3.8
타워,재난,3.3
부당거래,범죄,3.9
미녀는 괴로워,코미디,3.4
건축학개론,로맨스,3.5
돼지의 왕,애니메이션,3.5
인사이드 아웃,코미디,4.1
엑스맨: 퍼스트 클래스,판타지,3.9
인셉션,액션,4.4
관상,드라마,3.7
500일의 썸머,로맨틱코미디,3.9
친절한 금자씨,드라마,3.6
신의 한 수,범죄,3.4
업,드라마,4.1
스파이,코미디,3.2
나를 찾아줘,드라마,3.9
신세계,드라마,4.2
아이언맨 2,SF,4.0
아이언맨,SF,4.2
살인의 추억,범죄,4.1
올드보이,드라마,4.1
인터스텔라,모험,4.2
"그 시절, 우리가 좋아했던 소녀",드라마,4.0
공범,스릴러,3.1
과속스캔들,드라마,3.7
라디오 스타,드라마,3.5
미션 임파서블: 로그네이션,액션,3.8
어메이징 스파이더맨 2,액션,3.7
마션,모험,3.9
인크레더블,가족,3.8
킬 빌 2,액션,3.7
숨바꼭질,스릴러,3.5
연가시,드라마,3.0
엽문 2,액션,3.5
추격자,범죄,4.1
고백,스릴러,3.6
킬 빌,액션,3.7
더 폰,범죄,3.3
A-특공대,액션,3.7
친구,액션,3.8
원티드,범죄,3.6
이웃사람,스릴러,3.4
논스톱,액션,3.5
모범시민,액션,3.6
루시,액션,3.0
본 얼티메이텀,액션,4.1
300,액션,3.8
의형제,드라마,3.5
셔터 아일랜드,미스터리,3.9
"좋은 놈, 나쁜 놈, 이상한 놈",서부극,3.5
해적: 바다로 간 산적,모험,3.3
엑스맨: 아포칼립스,SF,3.4
테이큰,드라마,4.0
용의자 X의 헌신,범죄,3.5
메이즈 러너,액션,3.8
원스,드라마,3.9
줄무늬 파자마를 입은 소년,드라마,4.1
앤트맨,액션,3.9
미션 임파서블 : 고스트 프로토콜,액션,3.9
미스트,드라마,3.4
베를린,스릴러,3.5
늑대소년,로맨스,3.5
엣지 오브 투모로우,액션,3.9
은밀하게 위대하게,액션,3.4
아저씨,드라마,3.9
암살,액션,4.0
어벤져스: 에이지 오브 울트론,액션,3.8
매드맥스: 분노의 도로,액션,4.1
주먹이 운다,드라마,3.4
도둑들,범죄,3.8
코러스,드라마,3.9
베테랑,액션,4.0
테넷,액션,4.0
헤이터,드라마,3.2
반도,액션,2.7
에이바,드라마,2.1
그날의 진실,드라마,3.4
타이거,드라마,2.0
#살아있다,드라마,2.2
군잔 삭세나: 더 카르길 걸,드라마,3.4
오케이 마담,코미디,2.7
테넷,액션,4.0
헤이터,드라마,3.2
반도,액션,2.7
에이바,드라마,2.1
그날의 진실,드라마,3.4
타이거,드라마,2.0
#살아있다,드라마,2.2
군잔 삭세나: 더 카르길 걸,드라마,3.4
오케이 마담,코미디,2.7
프로젝트 파워,액션,2.7
주전장,다큐멘터리,4.1
타겟 넘버 원,범죄,2.3
메기,코미디,3.8
오피스,스릴러,2.8
밤쉘: 세상을 바꾼 폭탄선언,드라마,3.8
스푸트니크,SF,2.8
오션스 게임,드라마,2.9
강철비2: 정상회담,드라마,2.8
결백,드라마,2.9
캣츠토피아,애니메이션,2.1
아카이브,SF,2.8
나의 첫 번째 슈퍼스타,코미디,3.2
인베이젼 2020,액션,2.4
그레이하운드,드라마,3.6
분노,액션,2.7
올드 가드,액션,3.4
365일,드라마,1.3
콘돌은 날아간다,드라마,2.2
재키 브라운,범죄,3.6
온워드: 단 하루의 기적,애니메이션,3.6
티라노의 발톱,판타지,1.8
문영,드라마,3.3
마리아,액션,1.8
어게인스트,로맨스,3.0
열일곱,드라마,3.6
블러드 머신,모험,2.7
사라진 탄환,액션,2.6
인헤리턴스,미스터리,2.4
마징가 Z: 인피니티,애니메이션,2.3
우아한 거짓말,가족,3.5
엄마의 공책,가족,2.7
"헬로, 마이 네임 이즈 도리스",로맨스,3.1
치유,다큐멘터리,3.3
비브르 사 비,드라마,3.7
사마에게,다큐멘터리,4.2
레토,음악,3.7
최악의 하루,드라마,3.4
미스터 존스,드라마,3.5
탐욕의 별,다큐멘터리,3.0
아웃사이더,드라마,2.3
호신술의 모든 것,스포츠,3.4
푸드 주식회사,다큐멘터리,3.7
톰보이,드라마,3.8
장례난민,단편,3.3
아워 바디,드라마,3.2
제네시스: 세상의 소금,다큐멘터리,3.7
개를 훔치는 완벽한 방법,코미디,3.5
배우는 배우다,드라마,2.7
로마서 8:37,드라마,3.3
러시안 소설,드라마,3.1
조류 인간,드라마,3.0
우리집,드라마,3.8
아직 사랑하고 있습니까?,코미디,2.5
된장,미스터리,2.8
헌트,액션,3.2
결혼 피로연,드라마,3.7
세이빙 페이스,로맨틱코미디,3.9
반쪽의 이야기,코미디,3.7
굿타임,스릴러,3.5
공수도,액션,3.2
올 더 머니,범죄,3.4
서프러제트,드라마,4.0
더 웨이 백,드라마,3.0
이프 유 다이,드라마,2.4
패터슨,드라마,3.9
어떤 여인의 고백,전쟁,3.4
데어 윌 비 블러드,드라마,4.1
찌라시 : 위험한 소문,범죄,3.0
익스트랙션,액션,3.1
악의 연대기,액션,3.2
오늘,드라마,3.0
언덕길의 아폴론,드라마,3.3
손님,드라마,3.6
콩나물,드라마,4.0
사냥의 시간,스릴러,2.5
라이온 킹,모험,3.3
해바라기,드라마,3.8
늑대개 화이트팽,애니메이션,3.3
클라우스,애니메이션,4.0
나를 찾아줘,드라마,2.6
빙하를 따라서,다큐멘터리,3.8
산호초를 따라서,다큐멘터리,4.1
사랑은 비가 갠 뒤처럼,드라마,3.4
너의 췌장을 먹고 싶어,로맨스,3.3
"나는 내일, 어제의 너와 만난다",판타지,3.9
글로리아 벨,드라마,3.2
콜 오브 와일드,모험,3.2
굿바이 홈런,스포츠,3.2
라이크 어 보스,코미디,2.3
사랑 없는 숲,스릴러,2.7
킬러 인 하이스쿨,액션,2.8
열화영웅,액션,2.7
이지와 오시,로맨틱코미디,2.8
밥 라자르: 51구역과 UFO,다큐멘터리,3.0
다크 워터스,드라마,3.5
이중 배상,범죄,3.7
검찰 측 증인,드라마,3.6
스파이 지니어스,모험,3.3
아르키메데스의 대전,드라마,2.8
브렉시트,역사,3.5
나쁜 녀석들 : 포에버,액션,2.9
언더워터,액션,2.9
블러드샷,SF,2.8
더 더트,코미디,3.2
울프 콜,액션,3.3
인비저블맨,공포,3.2
방황하는 칼날,드라마,3.2
덤보,애니메이션,3.5
덤보,모험,3.0
스타워즈: 라이즈 오브 스카이워커,액션,2.9
신문기자,드라마,3.2
고! 고카트,가족,2.6
작은 아씨들,드라마,4.0
닥터 슬립,공포,3.3
샤이닝,공포,3.9
젠틀맨,범죄,3.5
언컷 젬스,코미디,3.8
앤트맨,액션,3.9
트리플 9,액션,2.7
밤치기,로맨스,3.1
스펜서 컨피덴셜,범죄,2.6
리차드 쥬얼,드라마,3.5
수퍼 소닉,애니메이션,2.7
우리들,드라마,4.0
멈추지 마,드라마,2.6
특근,한국,2.6
콜디스트 게임,스릴러,2.9
마지막 게임,범죄,2.3
미녀 삼총사 3,액션,3.1
분노의 윤리학,범죄,2.6
해어화,드라마,3.2
히트맨,코미디,2.6
해치지않아,코미디,2.6
김종욱 찾기,로맨틱코미디,3.5
스윙키즈,드라마,3.5
프린스 코기,애니메이션,2.4
명탐정 피카츄,판타지,3.0
지푸라기라도 잡고 싶은 짐승들,스릴러,3.3
미스터 주: 사라진 VIP,코미디,1.9
"로봇, 소리",드라마,3.1
말모이,드라마,3.6
미드웨이,액션,3.2
평행이론,미스터리,2.8
나의 특별한 형제,드라마,3.3
지구: 놀라운 하루,다큐멘터리,3.9
정직한 후보,코미디,3.1
하이힐,드라마,3.0
표적,드라마,3.2
계춘할망,드라마,3.2
"하이, 젝시",코미디,2.4
영주,드라마,3.5
거인,드라마,3.8
82년생 김지영,드라마,3.8
굿모닝! 대통령,드라마,2.2
너의 결혼식,로맨스,3.6
사랑하기 때문에,코미디,3.0
쎄시봉,음악,3.3
박화영,드라마,3.2
원더풀 라디오,드라마,2.9
화이 : 괴물을 삼킨 아이,액션,3.4
7호실,코미디,2.6
"힘을 내요, 미스터 리",코미디,2.4
회사원,액션,3.0
게이트,범죄,1.8
우리는 형제입니다,코미디,3.0
부라더,코미디,2.9
형,드라마,3.5
수상한 그녀,코미디,3.8
내안의 그놈,코미디,3.4
아빠는 딸,코미디,3.2
레슬러,드라마,2.5
델타 보이즈,드라마,3.6
컬러 아웃 오브 스페이스,공포,2.8
천문: 하늘에 묻는다,시대극,3.1
미옥,범죄,2.0
시동,드라마,2.7
에어로너츠,드라마,3.3
남산의 부장들,드라마,3.5
1917,드라마,4.2
미드소마,드라마,3.3
가장 보통의 연애,로맨스,3.1
말레피센트,액션,3.6
터미네이터: 다크 페이트,액션,3.5
라스트 선라이즈,모험,3.2
대통령의 7시간,다큐멘터리,3.0
카센타,드라마,2.7
유열의 음악앨범,로맨스,2.9
시크릿 세탁소,드라마,3.2
나이브스 아웃,코미디,3.9
메리 크리스마스 미스터 모,코미디,3.7
윤희에게,로맨스,4.1
여의도,드라마,2.3
킬 커맨드: 드론의 습격,액션,2.7
레이싱 인 더 레인,드라마,3.3
아내를 죽였다,스릴러,2.0
두 교황,드라마,3.9
결혼 이야기,코미디,4.0
신의한수 : 귀수편,범죄,2.7
백두산,액션,2.7
블랙머니,범죄,3.0
6 언더그라운드,스릴러,2.9
포드 V 페라리,액션,4.0
"웰컴, 삼바",로맨스,3.2
평양 유랑,다큐멘터리,3.4
아이리시맨,범죄,3.9
원스 어폰 어 타임... 인 할리우드,코미디,3.7
애드 아스트라,SF,3.5
앤젤 해즈 폴른,액션,2.9
존 윅 3: 파라벨룸,액션,3.4
조커,스릴러,3.9
람보 : 라스트 워,액션,2.6
첫잔처럼,드라마,3.2
두번할까요,코미디,2.0
예스터데이,음악,2.9
제미니 맨,액션,2.6
퍼펙트맨,코미디,2.6
토이 스토리 4,애니메이션,3.9
원라인,드라마,3.3
양자물리학,액션,2.8
나쁜 녀석들: 더 무비,범죄,2.7
두 남자,범죄,2.7
매스커레이드 호텔,드라마,2.8
타짜: 원 아이드 잭,범죄,2.6
분노의 질주: 홉스&쇼,액션,3.1
컷 포이슨 번,다큐멘터리,4.5
버진스키,다큐멘터리,3.6
잡식가족의 딜레마,다큐멘터리,3.4
광대들: 풍문조작단,시대극,2.3
나랏말싸미,드라마,2.2
엑시트,코미디,3.7
마이펫의 이중생활2,애니메이션,3.1
군산: 거위를 노래하다,드라마,3.3
경주,드라마,3.1
잘 알지도 못하면서,드라마,3.4
해변의 여인,드라마,3.2
가버나움,드라마,4.3
콜드 워,드라마,3.9
여자는 남자의 미래다,로맨스,2.8
무뢰한,액션,3.2
고질라: 킹 오브 몬스터,액션,2.7
돼지가 우물에 빠진 날,드라마,3.4
다른나라에서,드라마,3.3
클레어의 카메라,드라마,3.2
북촌방향,드라마,3.6
그 후,로맨스,3.5
하하하,드라마,3.6
강원도의 힘,드라마,3.3
맨 인 블랙: 인터내셔널,액션,2.6
강변호텔,드라마,3.4
우리 선희,드라마,3.5
롱 리브 더 킹: 목포 영웅,액션,2.8
옥희의 영화,코미디,3.6
지금은맞고그때는틀리다,드라마,3.4
밤의 해변에서 혼자,드라마,3.4
당신자신과 당신의 것,드라마,3.6
원더풀 고스트,드라마,2.6
바람 바람 바람,코미디,2.7
풀잎들,드라마,3.5
악인전,범죄,3.1
윌리엄스,다큐멘터리,3.0
세나: F1의 신화,스포츠,3.5
고뇌: 슈칼스키의 삶과 예술,다큐멘터리,3.9
맥퀸,다큐멘터리,3.7
큐리오사,드라마,2.6
배심원들,드라마,3.4
어린 의뢰인,드라마,3.4
자유의 언덕,드라마,3.6
누구의 딸도 아닌 해원,드라마,3.4
동주,드라마,3.9
알라딘,모험,3.9
그들만의 월드컵,스포츠,3.6
나의 마더,스릴러,3.4
걸캅스,코미디,3.4
기생충,드라마,4.3
어느 가족,범죄,4.1
림 오브 더 월드,액션,2.1
어제가 오면,액션,2.5
콜드 체이싱,액션,2.9
검찰측의 죄인,미스터리,3.4
캡틴 마블,액션,3.5
더 레이오버,코미디,2.3
악질경찰,드라마,2.5
드래곤 길들이기 2,애니메이션,3.6
드래곤 길들이기 3,애니메이션,3.7
스파이더맨: 뉴 유니버스,애니메이션,4.0
장난스런 키스,코미디,3.6
"흡연, 감사합니다",코미디,3.6
4등,스포츠,3.7
굿바이 싱글,드라마,3.2
젊은 날의 초상,드라마,3.1
러브리스,드라마,3.6
어벤져스: 엔드게임,액션,4.2
콜레트,드라마,3.6
유랑지구,액션,2.7
바이스,코미디,3.7
법정,드라마,3.3
살인마 잭의 집,범죄,3.4
아사코,드라마,3.6
폭풍의 시간,스릴러,3.3
돈,범죄,3.2
미성년,드라마,3.7
한공주,드라마,3.7
글래스,드라마,3.3
우상,스릴러,2.8
사바하,미스터리,3.2
어스,공포,3.3
더 길티,범죄,3.5
라스트 미션,범죄,3.5
열차의 도착,다큐멘터리,3.9
증인,드라마,3.6
트리플 프런티어,액션,2.9
오목소녀,드라마,3.0
요노스케 이야기,드라마,3.9
레이서 앤 제일버드,범죄,2.7
아웃로 킹,드라마,3.2
우드잡,코미디,3.7
이누야시키 : 히어로 VS 빌런,드라마,2.8
스물,드라마,3.4
인 디 아일,드라마,3.8
베로니카 게린,드라마,3.1
세레니티,스릴러,2.5
세컨드 액트,로맨스,2.5
맨 프럼 어스2: 홀로신,SF,2.6
디서비디언스,드라마,3.5
바람을 길들인 풍차소년,드라마,3.5
거꾸로 가는 남자,코미디,3.9
오버보드,로맨틱코미디,3.0
미드나잇 선,드라마,3.8
아이 스틸 씨 유,판타지,3.0
어쩌다 로맨스,코미디,3.0
그린 북,코미디,4.2
더 페이버릿: 여왕의 여자,드라마,3.9
룩 어웨이,판타지,2.6
미결처리반 Q: 순수의 배신,범죄,3.7
소공녀,드라마,3.8
유카탄으로,코미디,3.0
총몽,애니메이션,3.2
미니의 19금 일기,드라마,3.4
경계선,범죄,3.7
뺑반,범죄,2.8
날 용서해줄래요? ,코미디,3.3
조,로맨스,3.3
알리타: 배틀 엔젤,액션,3.4
레플리카,드라마,2.8
염력,드라마,2.1
어느 날 인생이 엉켰다,코미디,3.4
프라이빗 라이프,드라마,3.7
월요일이 사라졌다,액션,3.6
나의 Ex,드라마,3.7
폴라,액션,3.0
위도우즈,범죄,3.1
벨벳 버즈소,공포,2.5
PMC: 더 벙커,액션,2.7
극한직업,코미디,3.9
아쿠아맨,액션,3.3
쏘리 투 보더 유,SF,3.3
고스트 스토리,로맨스,3.7
모털 엔진,액션,2.6
마약왕,범죄,2.6
스틸 라이프,드라마,3.8
거미줄에 걸린 소녀,액션,3.1
당갈,드라마,4.0
"안녕, 나의 소울메이트",드라마,3.8
범블비,액션,3.2
런던 프라이드,코미디,3.9
마스 제네레이션,다큐멘터리,3.3
보헤미안 랩소디,드라마,3.9
언니,액션,2.3
진주 귀걸이를 한 소녀,드라마,3.5
칼보다 포크,다큐멘터리,3.6
위기의 식탁을 구하라,,3.6
더불어 사는 삶,다큐멘터리,3.5
화씨 11/9: 트럼프의 시대,다큐멘터리,3.7
헤멜,드라마,2.8
암 공화국에서 살아남는 법,다큐멘터리,3.5
카우스피라시,다큐멘터리,4.1
더 라스트 맨 온 더 문,다큐멘터리,3.2
식단을 뒤집다: 저탄고지 다이어트,다큐멘터리,3.2
팀스 버미어,다큐멘터리,3.2
내가 사랑했던 모든 남자들에게,로맨스,3.6
나는 약신이 아니다,코미디,3.5
주먹왕 랄프 2: 인터넷 속으로,애니메이션,3.6
완벽한 타인,코미디,3.7
위험한 만찬,코미디,3.2
퍼펙트 스트레인저,코미디,3.5
수녀 수련 기간,드라마,3.0
배드 타임즈: 엘 로얄에서 생긴 일,범죄,3.2
바람의 저편,드라마,3.6
국가부도의 날,드라마,3.5
동탁적니,로맨스,3.3
변함없는 자들의 마을,드라마,2.9
도어락,스릴러,2.9
먼 훗날 우리,로맨스,3.9
카우보이의 노래,코미디,3.8
옥자,드라마,3.6
배드 맘스,코미디,3.4
건지 감자껍질파이 북클럽,드라마,3.4
천년을 흐르는 사랑,로맨스,3.1
에스코바르,액션,3.3
퍼즐,드라마,3.3
블랙클랜스맨,범죄,3.6
로마,드라마,4.1
성난황소,범죄,2.7
헌터 킬러,액션,3.7
그래도 내가 하지 않았어,드라마,3.6
분노,드라마,3.8
어쩌다 룸메이트,로맨스,3.1
나미야 잡화점의 기적,판타지,3.4
캠 걸스,스릴러,2.5
행복한 사전,코미디,3.6
토니 타키타니,드라마,3.8
동네사람들,액션,2.5
여곡성,공포,1.4
베놈,액션,3.3
나를 차버린 스파이,코미디,3.7
미쓰백,드라마,3.7
스타 이즈 본,로맨스,3.6
크리미널 체이스,액션,2.5
더 이퀄라이저 2,액션,3.1
물괴,액션,1.9
협상,범죄,2.9
퍼스트 맨,드라마,3.6
명당,시대극,2.8
건우먼,액션,2.5
상류사회,드라마,1.8
암수살인,범죄,3.5
안시성,시대극,3.1
베이루트: 리미티드 아워,액션,3.0
빅 스코어,범죄,3.0
시카리오: 데이 오브 솔다도,액션,3.7
메가로돈,스릴러,2.3
브레이브 스톰,SF,1.4
한 솔로: 스타워즈 스토리,판타지,3.2
마약전쟁,드라마,3.3
죄 많은 소녀,드라마,3.8
공작,드라마,3.5
하드코어 헨리,액션,3.0
"아이, 토냐",드라마,3.5
콜 미 바이 유어 네임,드라마,4.0
서치,드라마,3.8
미션 임파서블: 폴아웃,액션,3.7
앤트맨과 와스프,SF,3.6
익스팅션: 종의 구원자,SF,3.0
타우,SF,2.7
어벤져스: 인피니티 워,액션,4.1
오션스8,범죄,3.5
스카이스크래퍼,액션,2.8
기도의 막이 내릴 때,공포,3.3
노마: 뉴 노르딕 퀴진의 비밀,다큐멘터리,3.3
시티즌포,다큐멘터리,3.7
맨 온 와이어,다큐멘터리,3.5
첩혈쌍웅 2,드라마,3.0
쏘우,공포,3.7
닌자터틀,애니메이션,2.9
어메이징 스파이더맨 2,액션,3.7
고령가 소년 살인사건,드라마,4.1
토르: 천둥의 신,액션,3.7
터보,애니메이션,3.2
바오,애니메이션,2.7
인랑,액션,2.1
업그레이드,액션,3.6
신과함께-인과 연,드라마,3.4
데드풀 2,액션,3.7
마녀,액션,3.4
인크레더블 2,애니메이션,3.8
탐정: 리턴즈,코미디,3.4
스틸 더 머니: 314 비밀금고,스릴러,2.5
오베라는 남자,코미디,3.8
메탈헤드,드라마,3.3
램페이지,액션,3.0
마션 인베이션,액션,2.0
서러브레드,코미디,3.1
섹스돌,드라마,2.9
고문 클럽,코미디,2.2
보리 vs 매켄로,드라마,3.5
"그날, 바다",다큐멘터리,3.8
버닝,스릴러,3.4
챔피언,드라마,2.4
쥬라기 월드: 폴른 킹덤,SF,3.2
서브머전스,로맨스,2.4
툼레이더,액션,2.8
독전,범죄,3.6
그링고,액션,2.5
몰리스 게임,범죄,3.6
최저,드라마,2.5
리벤지,액션,3.0
케이티,드라마,2.7
머니백,액션,2.4
"나, 다니엘 블레이크",드라마,4.1
50가지 그림자: 해방,스릴러,2.7
15시 17분 파리행 열차,드라마,2.8
어트랙션,드라마,2.9
7년의 밤,스릴러,2.4
어쌔신: 더 비기닝,액션,2.6
백악관을 무너뜨린 사나이,드라마,3.2
크리미널 스쿼드,액션,3.2
팬텀 스레드,로맨스,4.0
리틀 포레스트,드라마,3.9
고요의 바다,SF,2.8
세 번째 살인,스릴러,3.6
레디 플레이어 원,액션,3.7
커뮤터,액션,3.1
허리케인 하이스트,액션,2.9
로건 럭키,범죄,3.3
골든슬럼버,범죄,2.5
궁합,코미디,2.4
퍼시픽 림: 업라이징,액션,2.8
플로리다 프로젝트,드라마,4.0
더 포스트,스릴러,4.0
서던 리치: 소멸의 땅,판타지,3.3
조선명탐정: 흡혈괴마의 비밀,시대극,2.7
셰이프 오브 워터: 사랑의 모양,모험,3.9
다키스트 아워,드라마,3.7
블랙 팬서,액션,3.5
사라진 밤,스릴러,3.0
블리딩 스틸,액션,2.2
뮤트,스릴러,2.2
1급기밀,범죄,2.8
석조저택 살인사건,스릴러,3.0
마셜,범죄,3.6
그것만이 내 세상,드라마,3.6
토르: 라그나로크,액션,3.9
더 포리너,액션,2.9
쓰리 빌보드,범죄,4.0
라라라,드라마,3.0
아랫집,드라마,3.5
양양,드라마,2.3
파미르,드라마,2.9
숲 속의 아이,판타지,2.5
보금자리,스릴러,3.3
거미맨,판타지,1.9
그대 없이는 못 살아,드라마,3.1
아빠의 검,드라마,2.3
랄라랜드,드라마,2.8
올라프의 겨울왕국 어드벤처,애니메이션,3.2
서버비콘,코미디,2.9
코코,애니메이션,4.0
클로버필드 패러독스,스릴러,2.7
"로만 J 이스라엘, 에스콰이어",범죄,3.3
원더우먼 스토리,드라마,3.5
더 서클,드라마,2.9
저스티스 리그,판타지,2.8
더 리벤지,액션,2.4
원더 휠,드라마,3.3
스카이라인2,액션,2.5
스코어: 영화음악의 모든 것,다큐멘터리,3.8
좋아하지도 않으면서,로맨스,2.3
빌로우 허,드라마,2.9
기린의 날개 극장판 신참자,드라마,3.2
스라이브,다큐멘터리,3.2
쿼바디스,다큐멘터리,3.4
미스 프레지던트,다큐멘터리,3.0
스타쉽 트루퍼스: 트레이터 오브 마스,애니메이션,3.0
반드시 잡는다,스릴러,2.6
가라데 킬,액션,1.7
직지코드,다큐멘터리,3.3
다운사이징,SF,2.6
꾼,범죄,2.9
비트코인: 암호 화폐에 베팅하라,다큐멘터리,3.1
해피 엔딩,로맨스,3.1
알파고,다큐멘터리,3.8
쥬만지: 새로운 세계,액션,3.4
디즈 파이널 아워스,드라마,3.2
강철비,드라마,3.3
신과함께-죄와 벌,판타지,3.7
스테이션 7,액션,3.4
스페이스 워커,액션,3.5
거북이는 의외로 빨리 헤엄친다,코미디,3.5
킬링 디어,드라마,3.8
1987,드라마,4.0
빌리 진 킹: 세기의 대결,코미디,3.6
스타워즈: 라스트 제다이,액션,3.3
뽀로로 극장판 공룡섬 대모험,애니메이션,3.7
마더!,스릴러,3.4
러빙 빈센트,애니메이션,3.9
나이스 가이즈,액션,3.1
데스티네이션 콘트롤,미스터리,3.3
발레리안 : 천 개 행성의 도시,액션,3.3
오리엔트 특급 살인,범죄,3.1
인류멸망보고서,SF,2.4
립반윙클의 신부,드라마,3.4
인투 더 와일드,드라마,3.8
우행록: 어리석은 자의 기록,드라마,3.5
아메리칸 허니: 방황하는 별의 노래,드라마,3.5
와인 미라클,드라마,3.2
마테호른,코미디,3.5
테이크 쉘터,드라마,3.7
봄날은 간다,드라마,3.8
저수지 게임,다큐멘터리,3.6
침묵의 목격자,드라마,3.4
침묵,범죄,3.1
겟어웨이 드라이버,액션,2.8
S러버,코미디,2.7
배리,드라마,3.2
고잉 인 스타일,범죄,3.2
킹메이커 로저 스톤,다큐멘터리,3.5
시간 에이전트,한국,3.0
지오스톰,SF,2.9
범죄도시,범죄,3.9
블레이드 러너 2049,액션,3.7
2:22,액션,2.4
매혹당한 사람들,드라마,3.1
비거 스플래쉬,드라마,3.2
킹스맨: 골든 서클,액션,3.4
남한산성,시대극,3.6
장수상회,가족,3.4
몸을 죽이는 자본의 밥상,다큐멘터리,3.7
몬스터 콜,모험,3.7
인비저블 게스트,범죄,3.9
어 퍼펙트 데이,드라마,3.8
잃어버린 도시 Z,모험,3.3
킬러의 보디가드,스릴러,3.7
"UFO, 은폐된 진실",다큐멘터리,3.0
윈드 리버,범죄,3.7
아메리칸 메이드,액션,3.3
베이비 드라이버,액션,3.7
비밀의 그림,스릴러,2.6
신의 소녀들,드라마,3.2
살인자의 기억법,범죄,3.3
더 테이블,드라마,3.4
김광석,다큐멘터리,3.0
스미스씨 워싱톤 가다,드라마,3.7
아토믹 블론드,액션,3.4
브이아이피,드라마,2.5
본 투 비 블루,드라마,3.8
아모레스 페로스,드라마,3.8
공범자들,다큐멘터리,3.7
엘리자의 내일,드라마,3.5
혹성탈출: 종의 전쟁,액션,3.6
로우,드라마,3.6
파리로 가는 길,코미디,3.2
청년경찰,액션,3.7
레이디 맥베스,로맨스,3.5
택시운전사,가족,4.0
슈퍼배드 3,애니메이션,3.4
군함도,액션,3.1
리얼,액션,1.1
루,애니메이션,3.5
내가 죽기 전에 가장 듣고 싶은 말,코미디,3.6
덩케르크,역사,4.0
투 더 본,드라마,3.3
하루,미스터리,2.9
내 사랑,드라마,3.8
카3: 새로운 도전,애니메이션,3.3
스파이더맨: 홈커밍,액션,4.0
대립군,드라마,2.6
박열,시대극,3.6
킹 아서: 제왕의 검,드라마,3.1
파워레인져스: 더 비기닝,액션,2.5
악녀,액션,3.1
미시시피 그라인드,코미디,2.7
보안관,범죄,3.2
미이라,액션,2.7
애로우헤드,모험,1.6
베를린 신드롬,드라마,2.6
원더 우먼,전쟁,3.3
더 큐어,드라마,2.8
노무현입니다,다큐멘터리,3.8
임금님의 사건수첩,미스터리,3.1
불한당: 나쁜 놈들의 세상,범죄,3.6
캐리비안의 해적: 죽은 자는 말이 없다,모험,3.3
세일즈맨,드라마,3.6
레이트 블루머,로맨스,2.4
킬 스위치,SF,2.0
위 아 엑스,다큐멘터리,3.5
더 위치,스릴러,3.5
가디언즈 오브 갤럭시 VOL. 2,액션,3.9
겟 아웃,스릴러,3.7
이웃집 스파이,액션,2.9
크리미널,액션,3.1
에이리언: 커버넌트,SF,3.6
언노운 걸,스릴러,3.4
어느날,로맨스,3.1
모놀리스,드라마,2.3
내 어머니,드라마,2.9
보스 베이비,애니메이션,3.4
케이트 앤 레오폴드,판타지,3.2
특별시민,드라마,3.1
지니어스,드라마,3.3
프리즌,범죄,3.3
"나의 사랑, 그리스",드라마,3.7
콜로설,액션,2.5
애프터매스,스릴러,2.9
분노의 질주: 더 익스트림,액션,3.6
로건,액션,4.0
더 플랜,다큐멘터리,3.4
떼시스,스릴러,3.5
더 레이싱 : 이너셜 드리프트,액션,2.7
질주본능: 더 레이싱,코미디,3.1
특별수사: 사형수의 편지,범죄,3.1
라이프,공포,3.4
슬립리스: 크리미널 나이트,액션,2.5
파운더,드라마,3.6
공각기동대 : 고스트 인 더 쉘,액션,2.7
콩: 스컬 아일랜드,SF,2.9
보통사람,드라마,3.0
탐정 홍길동: 사라진 마을,액션,3.2
나는 부정한다,드라마,3.6
해빙,스릴러,2.7
콜로니아,드라마,3.6
패트리어트 데이,액션,3.5
비정규직 특수요원,코미디,1.8
스페이스 비트윈 어스,모험,3.2
평행소설,드라마,3.0
로그 원: 스타워즈 스토리,액션,3.6
나는 사랑과 시간과 죽음을 만났다,로맨스,3.4
노바디 엘스—마릴린의 편지,코미디,3.0
핫 봇,코미디,1.3
그레이트 월,액션,2.4
카메라 13,범죄,2.0
태양 아래,다큐멘터리,3.2
엘르,드라마,2.9
상간녀,스릴러,2.5
나우 유 씨 미 2,액션,3.8
조작된 도시,스릴러,3.3
테라포마스,SF,2.0
싱글라이더,드라마,3.3
배드 캅,드라마,3.8
루시드 드림,스릴러,2.2
이탈리안 레이스,드라마,3.4
50가지 그림자: 심연,로맨스,2.6
터널,범죄,3.1
아메리칸 초밥왕,드라마,3.0
간츠: 오,SF,3.5
신 고질라,액션,2.7
솔로몬의 위증 후편: 재판,스릴러,3.0
솔로몬의 위증 전편: 사건,스릴러,3.2
라쇼몽,드라마,3.8
웻랜드,드라마,3.0
장기왕: 가락시장 레볼루션,코미디,2.9
가짜 암살자의 진짜 회고록,액션,2.8
아이히만 쇼,드라마,3.5
특파원,코미디,2.7
"불량소녀, 너를 응원해!",드라마,3.8
23 아이덴티티,공포,3.4
블리드 포 디스,드라마,3.3
존 윅 - 리로드,범죄,3.6
프란시스 하,코미디,3.7
맨체스터 바이 더 씨,드라마,3.9
도그빌,범죄,3.9
노벰버 맨,액션,2.8
데드 얼라이브,공포,3.4
미스 슬로운,스릴러,4.1
아이 엠 어 히어로,액션,3.2
3096일,범죄,3.2
재심,드라마,3.5
"키키, 러브 투 러브",코미디,2.7
가려진 시간,드라마,3.3
메이즈 러너: 스코치 트라이얼,액션,3.5
메이즈 러너,액션,3.8
아이보이,액션,2.5
문라이트,드라마,3.8
댐드 유나이티드,드라마,3.4
킹덤,액션,3.3
ARQ,SF,3.0
데몰리션,드라마,3.7
이퀄스,드라마,3.4
체스의 여왕,드라마,3.5
트루스 어바웃 엠마누엘,드라마,3.1
녹터널 애니멀스,드라마,3.6
퍼스널 쇼퍼,드라마,3.4
빌리 린의 롱 하프타임 워크,액션,3.1
매기스 플랜,코미디,3.4
히든 피겨스,역사,4.0
트리플 엑스 리턴즈,액션,2.7
래리 플린트,드라마,3.4
퀴즈 쇼,드라마,3.6
라이언,드라마,3.7
사일런스,드라마,3.6
패신저스,드라마,3.4
파수꾼,틴에이저,3.9
더 파이브,스릴러,2.9
그룹 스터디,드라마,2.7
바람,드라마,3.9
소셜포비아,스릴러,3.2
터미네이터 제니시스,SF,3.4
성실한 나라의 앨리스,드라마,3.6
레트로액티브,범죄,3.4
마스터,범죄,3.5
내 몸속 이야기,애니메이션,3.5
우주의 크리스마스,판타지,2.6
루돌프와 많이있어,애니메이션,3.0
고스트 킬러: 모니카,액션,2.1
여교사,드라마,2.5
공조,액션,3.5
덕혜옹주,시대극,3.4
"당신, 거기 있어줄래요",판타지,3.6
더 킹,범죄,3.5
비밀은 없다,스릴러,3.3
우리도 사랑일까,코미디,3.8
미스터 추: 기발한 미국 유학기,드라마,2.5
미씽: 사라진 여자,미스터리,3.5
시간을 달리는 소녀,판타지,4.1
초속 5센티미터,로맨스,3.7
히치콕,드라마,3.2
스노든,드라마,3.5
리틀 포레스트: 여름과 가을,드라마,3.9
컨택트,미스터리,3.9
아우토반,액션,2.5
신비한 동물사전,가족,3.7
섀도우 댄서,드라마,2.9
모아나,애니메이션,3.8
런치박스,드라마,3.7
컨텐더,드라마,3.2
블랙버드,미국,3.6
라이프 잇셀프,다큐멘터리,3.8
캐지노 잭 앤 더 유나이티드 스테이즈 오브 머니,다큐멘터리,3.3
철의 여인,드라마,3.3
마스: 화성으로 가는 길,SF,3.6
허블 3D,다큐멘터리,3.2
걸 온 더 트레인,범죄,3.2
넥스트 제네레이션 패트레이버,SF,2.5
너의 이름은.,드라마,3.9
초콜렛 도넛,드라마,3.9
서칭 포 슈가맨,음악,3.9
비우티풀,드라마,3.7
딥워터 호라이즌,액션,3.3
심야식당,코미디,3.7
정글북,모험,3.4
25시,드라마,3.6
사우스포,액션,3.4
리바이어던,드라마,3.7
"헤일, 시저!",코미디,3.4
컨버세이션,범죄,3.8
사울의 아들,드라마,3.8
잭 리처: 네버 고 백,범죄,2.9
파우더,드라마,3.4
